client_id,sku,install_date,status,config_json
1,"AC000015","2021-07-10","activo","{""ubicacion"": ""Salon"", ""firmware"": ""v1.5"", ""modo_predeterminado"": ""ahorro"", ""temperatura_max_ajustada"": 24.0}"
2,"AC000042","2022-01-20","activo","{""ubicacion"": ""Edificio Principal - Ala Sur"", ""notas_instalacion"": ""Requiere revision trimestral"", ""voltaje_conexion"": ""380V"", ""capacidad_nominal"": ""5 Ton""}"
3,"AC000088","2023-03-05","activo","{""zona_control"": ""Planta Baja - Pasillo"", ""tipo_actuador"": ""compuerta"", ""estado_fallo"": ""abierto""}"
4,"AC000112","2020-11-11","activo","{""sistema_asociado"": ""Calefaccion Circuito 1"", ""presion_ajuste_bar"": 3.0, ""fecha_ultima_prueba"": ""2023-10-15""}"
5,"AC000051","2023-08-20","activo","{""orientacion"": ""Sur"", ""inclinacion_grados"": 30, ""monitorizado_produccion"": true, ""garantia_años"": 15}"
6,"AC000003","2022-04-18","activo","{""ubicacion"": ""Dormitorio Principal"", ""modo_preferido"": ""auto"", ""ultimo_mantenimiento"": ""2024-03-10"", ""nivel_ruido_db"": 28}"
7,"AC000071","2023-01-25","activo","{""ubicacion"": ""Sala de Estar"", ""conectividad"": ""Wi-Fi 2.4GHz"", ""programa_activo"": ""Semanal Eco"", ""marca"": ""SmartHomeX""}"
8,"AC000133","2024-01-15","activo","{""area_cubierta_m2"": 30, ""tipo_filtros"": [""HEPA"", ""Carbón Activado""], ""indicador_cambio_filtro"": true}"
9,"AC000026","2021-09-01","activo","{""tipo_combustible"": ""Gas Natural"", ""ultimo_servicio"": ""2023-11-20"", ""presion_calefaccion_bar"": 1.8, ""eficiencia_pct"": 94.0}"
10,"AC000030","2022-06-14","activo","{""aplicacion"": ""Calefaccion y ACS"", ""SCOP_reportado"": 4.6, ""tipo_sistema"": ""Monobloc""}"
11,"AC000018","2023-05-30","activo","{""ubicacion"": ""Dormitorio 2"", ""parte_de_sistema"": ""AC000008"", ""configuracion_ventilador"": ""Bajo""}"
12,"AC000101","2024-02-10","activo","{""capacidad_l"": 50, ""potencia_kw"": 1.5, ""montaje"": ""Pared"", ""material_deposito"": ""Acero Vitrificado""}"
13,"AC000054","2023-09-05","activo","{""potencia_nominal_kw"": 5.0, ""conexion_red"": true, ""fecha_puesta_servicio"": ""2023-09-05"", ""tipo"": ""Inversor String""}"
14,"AC000078","2024-01-20","activo","{""ubicacion"": ""Bodega - Nivel -1"", ""serial_fabricante"": ""THS-ABC123"", ""desviacion_temp_c"": 0.2, ""desviacion_hum_pct"": -1.0}"
15,"AC000008","2022-03-17","activo","{""zonas_conectadas"": [""Salon"", ""Comedor"", ""Estudio""], ""refrigerante"": ""R410a"", ""num_unidades_interiores"": 3}"
16,"AC000033","2021-05-22","activo","{""ubicacion"": ""Pasillo Planta Alta"", ""tipo"": ""Panel"", ""dimensiones_mm"": ""600x1000"", ""material"": ""Acero""}"
17,"AC000121","2023-07-01","activo","{""flujo_aire_m3h"": 300, ""eficiencia_calor_pct"": 85.0, ""filtrado_etapa1"": ""G4"", ""filtrado_etapa2"": ""F7""}"
18,"AC000090","2024-01-30","activo","{""fase"": ""Monofasico"", ""ubicacion"": ""Cuadro Electrico Principal"", ""salida_pulsos_por_kwh"": 1000}"
19,"AC000044","2022-08-14","activo","{""capacidad_l"": 200, ""tipo"": ""Interacumulador Indirecto"", ""aislamiento"": true, ""anodo"": ""Magnesio""}"
20,"AC000063","2023-09-05","activo","{""tipo_conector"": ""MC4"", ""uso"": ""Conexiones de Paneles a String"", ""normativa"": ""EN50521""}"
21,"AC000001","2024-03-10","activo","{""ubicacion"": ""Despacho"", ""modo_actual"": ""frio"", ""temperatura_deseada_c"": 23.0, ""potencia_btu"": 9000}"
22,"AC000027","2023-04-11","activo","{""potencia_calefaccion_kw"": 30, ""eficiencia_acs_lpm"": 16, ""control_opents"": true}"
23,"AC000075","2024-01-20","activo","{""zona_cubierta"": ""Entrada Principal"", ""rango_deteccion_m"": 10, ""sensibilidad_ajustada"": ""Media""}"
24,"AC000057","2023-09-05","activo","{""capacidad_kwh"": 10, ""voltaje_nominal_v"": 48, ""tecnologia"": ""Litio-ion"", ""ciclos_vida_estimados"": 6000}"
25,"AC000105","2021-09-01","activo","{""aplicacion"": ""Circuito Calefaccion"", ""caudal_nominal_m3h"": 3.0, ""modo_control"": ""Automatico Diferencial""}"
26,"AC000010","2022-07-07","activo","{""tipo_sistema"": ""Central por Ductos"", ""capacidad_ton"": 3, ""ubicacion_unidad_exterior"": ""Tejado - Zona 1"", ""tipo_filtrado"": ""MERV 8""}"
27,"AC000098","2024-01-20","activo","{""ubicacion"": ""Hall Central"", ""montaje"": ""Techo"", ""tecnologia_deteccion"": [""PIR"", ""Ultrasónico""], ""area_cobertura_m2"": 50}"
28,"AC000046","2022-10-19","activo","{""capacidad_l"": 250, ""COP_medido"": 2.8, ""modo_operacion_actual"": ""Programado"", ""apoyo_electrico_habilitado"": true}"
29,"AC000035","2023-02-28","activo","{""aplicacion"": ""Suelo Radiante Planta Baja"", ""longitud_total_instalada_m"": 1000, ""material"": ""PEX-AL-PEX"", ""presion_max_bar"": 6}"
30,"AC000059","2023-09-05","activo","{""tipo_tejado"": ""Inclinado Teja"", ""num_paneles_montados"": 8, ""material_estructura"": ""Aluminio""}"
31,"AC000005","2023-06-21","activo","{""ubicacion"": ""Dormitorio"", ""eficiencia_energetica"": ""A"", ""control"": ""Mecanico"", ""facil_instalacion"": true}"
32,"AC000039","2023-05-15","activo","{""potencia_kw"": 35, ""eficiencia_erp"": ""A+"", ""caudal_acs_lpm"": 16, ""ultimo_servicio"": ""2024-05-01""}"
33,"AC000072","2024-01-20","activo","{""ubicacion"": ""Dormitorio Invitados"", ""tipo"": ""Digital No Programable"", ""control"": ""Manual""}"
34,"AC000125","2023-07-01","activo","{""aplicacion"": ""Conexion VRC a Rejillas"", ""diametro_mm"": 150, ""longitud_instalada_m"": 50, ""aislado"": true}"
35,"AC000148","2021-05-22","activo","{""aplicacion"": ""Radiador Salon"", ""tipo"": ""Termostatica"", ""estilo"": ""Recto"", ""tamano_conexion"": ""1/2 pulgada""}"
36,"AC000013","2024-03-15","activo","{""ubicacion"": ""Dormitorio Principal"", ""tecnologia"": ""Inverter"", ""SEER"": 22.0, ""garantia_compresor_años"": 10}"
37,"AC000091","2024-01-30","activo","{""fase"": ""Trifasico"", ""ubicacion"": ""Cuarto Electrico Comercial"", ""protocolo_comunicacion"": ""Modbus RTU"", ""clase_precision"": 1}"
38,"AC000119","2021-09-01","activo","{""funcion"": ""Filtracion Magnética"", ""tamano_tubería_mm"": 22, ""material_cuerpo"": ""Latón""}"
39,"AC000066","2023-09-05","activo","{""tipo_montaje"": ""Suelo"", ""capacidad_paneles"": 10, ""ubicacion"": ""Jardín Trasero""}"
40,"AC000020","2022-02-01","activo","{""aplicacion"": ""Hotel - Habitacion 101"", ""btu"": 15000, ""voltaje_v"": 230, ""control_local"": true}"
41,"AC000031","2022-06-14","en_mantenimiento","{""tipo"": ""Aerotermia Split"", ""potencia_kw"": 10, ""estado"": ""Requiere revisión compresor"", ""fecha_diagnostico"": ""2024-05-01""}"
42,"AC000080","2024-01-20","activo","{""parametro"": ""Presión"", ""rango_bar"": ""0-10"", ""salida"": ""4-20mA"", ""fecha_calibracion"": ""2024-01-10""}"
43,"AC000134","2023-07-01","activo","{""tipo"": ""Deshumidificador"", ""capacidad_ldiario"": 20, ""tamano_deposito_l"": 4, ""area_cubierta_m2"": 40}"
44,"AC000108","2022-08-14","activo","{""aplicacion"": ""Aumento Presión Vivienda"", ""incremento_bar"": 2.0, ""caudal_max_m3h"": 2}"
45,"AC000056","2023-09-05","activo","{""tipo"": ""Inversor Híbrido"", ""potencia_kw"": 6, ""capacidad_bateria_compatible_kwh"": 10, ""modo_operacion_predeterminado"": ""Autoconsumo""}"
46,"AC000002","2024-03-10","activo","{""ubicacion"": ""Comedor"", ""btu"": 12000, ""SEER"": 20.0, ""control_remoto"": true}"
1,"AC000028","2021-10-01","activo","{""tipo_combustible"": ""Gasóleo"", ""potencia_kw"": 20, ""ultimo_servicio"": ""2024-01-10""}"
2,"AC000073","2024-01-20","activo","{""ubicacion"": ""Pasillo Sotano"", ""gas_detectado"": ""CO"", ""alimentacion"": ""Cableado"", ""nivel_alarma_ppm"": 50}"
3,"AC000141","2023-02-28","activo","{""material"": ""Cobre"", ""diametro_mm"": 15, ""longitud_instalada_m"": 25, ""uso"": ""Fontanería Agua Fria""}"
4,"AC000103","2023-05-15","activo","{""tipo"": ""Calentador Gas Instantáneo"", ""caudal_lpm"": 12, ""tipo_encendido"": ""Electrónico""}"
5,"AC000060","2023-09-05","activo","{""tipo_tejado"": ""Plano"", ""num_paneles_montados"": 4, ""tipo_lastre"": ""Hormigón""}"
6,"AC000016","2024-03-15","activo","{""ubicacion"": ""Salón Grande"", ""btu"": 24000, ""modo_adicional"": ""Modo Noche"", ""tecnologia"": ""Inverter""}"
7,"AC000092","2024-01-30","activo","{""parametro_registro"": ""Temperatura"", ""memoria_gb"": 16, ""conexion_descarga"": ""USB"", ""intervalo_registro_min"": 5}"
8,"AC000047","2021-05-22","activo","{""aplicacion"": ""Calefacción Zócalo"", ""longitud_instalada_m"": 15, ""potencia_w_por_m"": 300, ""color"": ""Blanco""}"
9,"AC000122","2023-07-01","activo","{""tipo"": ""VREC"", ""flujo_aire_m3h"": 250, ""eficiencia_humedad_pct"": 70.0, ""recuperacion_energetica"": ""Entálpica""}"
10,"AC000114","2022-08-14","activo","{""tipo"": ""Válvula Bola"", ""funcion"": ""Corte"", ""tamano_conexion"": ""1/2 pulgada"", ""material"": ""Latón""}"
11,"AC000053","2023-08-20","activo","{""tipo"": ""Panel Flexible"", ""potencia_w"": 100, ""peso_kg"": 2.0, ""aplicacion"": ""Vehículo Recreacional""}"
12,"AC000004","2022-04-18","activo","{""ubicacion"": ""Zona Común Edificio"", ""btu"": 24000, ""SEER"": 16.5, ""compatibilidad_zonificacion"": true}"
13,"AC000076","2024-01-20","activo","{""ubicacion"": ""Puerta Trasera"", ""tipo"": ""Contacto Magnético"", ""conexion"": ""Inalámbrico"", ""estado_bateria"": ""OK""}"
14,"AC000137","2023-07-01","activo","{""metodo"": ""UV-C"", ""montaje"": ""Conducto"", ""vida_util_lampara_h"": 9000, ""indicador_estado_lampara"": true}"
15,"AC000102","2024-02-10","activo","{""capacidad_l"": 100, ""potencia_kw"": 2.0, ""montaje"": ""Suelo"", ""termostato_seguridad"": true}"
16,"AC000055","2023-09-05","activo","{""fase"": ""Trifasico"", ""potencia_kw"": 10, ""monitorizacion_remota"": true, ""curva_MPPT"": ""Múltiple""}"
17,"AC000089","2024-01-20","activo","{""aplicacion"": ""Control Fan Coil"", ""ubicacion"": ""Habitación 3"", ""control_ventilador"": ""3 Velocidades"", ""protocolo"": ""Modbus""}"
18,"AC000040","2021-05-22","activo","{""material"": ""Aluminio"", ""dimensiones_mm"": ""500x800"", ""potencia_calor_w"": 1000, ""respuesta_termica"": ""Rápida""}"
19,"AC000116","2022-08-14","activo","{""tipo"": ""Válvula Antirretorno"", ""funcion"": ""Flujo Único"", ""tamano_conexion"": ""3/4 pulgada"", ""material_interno"": ""Acero Inoxidable""}"
20,"AC000067","2023-09-05","activo","{""tipo"": ""Seccionador DC"", ""corriente_a"": 32, ""polos"": 4, ""ubicacion"": ""Caja Combinador Solar""}"
21,"AC000006","2023-06-21","retirado","{""ubicacion"": ""Dormitorio Pequeño"", ""btu"": 8000, ""estado"": ""Retirado del servicio"", ""fecha_retiro"": ""2024-07-01"", ""motivo_retiro"": ""Sustitución por Split""}"
22,"AC000037","2023-04-11","activo","{""tipo_combustible"": ""Pellets"", ""potencia_kw"": 25, ""capacidad_tolva_kg"": 150, ""limpieza_quemador"": ""Automática""}"
23,"AC000077","2024-01-20","activo","{""ubicacion"": ""Bajo Fregadero Cocina"", ""metodo_deteccion"": ""Conductividad"", ""tipo_alarma"": [""Acústica"", ""Inalámbrica""], ""conectividad"": ""Wi-Fi""}"
24,"AC000129","2023-07-01","activo","{""tipo"": ""Compuerta Antirretorno"", ""tamano_conducto_mm"": 200, ""aplicacion"": ""Conducto Extracción""}"
25,"AC000109","2021-09-01","activo","{""tipo"": ""Vaso de Expansión"", ""volumen_l"": 18, ""aplicacion"": ""Calefacción"", ""presion_precarga_bar"": 1.5}"
26,"AC000052","2023-08-20","activo","{""tipo"": ""Policristalino"", ""potencia_w"": 350, ""dimensiones_mm"": ""1956x992x40""}"
27,"AC000009","2022-03-17","activo","{""tipo_sistema"": ""Multi-Zona Sin Ductos"", ""btu_exterior"": 27000, ""num_zonas"": 3, ""ubicaciones_interiores"": [""Dormitorio 1"", ""Dormitorio 2"", ""Estudio""]}"
28,"AC000093","2024-01-20","activo","{""parametro"": ""Presión Diferencial"", ""rango_pa"": ""0-1000"", ""salida"": ""0-10V"", ""conexion_tubos"": true}"
29,"AC000045","2023-05-15","activo","{""tipo"": ""Calentador Eléctrico Instantáneo"", ""potencia_kw"": 9, ""caudal_lpm"": 5, ""protecciones"": [""Sobrecalentamiento"", ""Presión""]}"
30,"AC000138","2023-07-01","activo","{""aplicacion"": ""Campana Cocina"", ""tipo"": ""Extractor"", ""flujo_aire_m3h"": 600, ""nivel_ruido_db"": 65}"
31,"AC000061","2023-09-05","activo","{""tipo"": ""Cable Solar"", ""tamano_mm2"": 4, ""color"": ""Rojo"", ""longitud_m"": 100, ""resistente_uv"": true}"
32,"AC000014","2024-03-15","activo","{""ubicacion"": ""Salón Secundario"", ""tecnologia"": ""Inverter"", ""btu"": 12000, ""control_precision_temp_c"": 0.5}"
33,"AC000110","2022-08-14","activo","{""tipo"": ""Vaso de Expansión"", ""volumen_l"": 24, ""aplicacion"": ""Agua Potable"", ""certificado"": ""WRAS""}"
34,"AC000084","2024-01-20","activo","{""sistema"": ""KNX"", ""tipo"": ""Fuente Alimentacion"", ""corriente_ma"": 640, ""ubicacion"": ""Cuadro Distribucion KNX""}"
35,"AC000034","2021-05-22","activo","{""aplicacion"": ""Baño Principal"", ""material"": ""Acero Cromado"", ""dimensiones_mm"": ""500x1200"", ""uso"": ""Toallero Térmico""}"
36,"AC000123","2023-07-01","activo","{""tipo"": ""Ventilador Axial"", ""diametro_mm"": 200, ""flujo_aire_m3h"": 500, ""montaje"": ""Conducto""}"
37,"AC000058","2023-09-05","activo","{""tipo"": ""Regulador de Carga"", ""tecnologia"": ""MPPT"", ""corriente_a"": 60, ""voltajes_soportados_v"": [12, 24, 48]}"
38,"AC000099","2024-01-20","activo","{""tipo"": ""Actuador Válvula"", ""tipo_valvula_control"": ""2/3 Vías"", ""tamano_conexion"": ""DN15"", ""control"": ""On/Off""}"
39,"AC000048","2022-10-19","activo","{""tipo"": ""Acumulador Hidrónico"", ""capacidad_l"": 500, ""aplicacion"": ""Sistema Solar Térmico""}"
40,"AC000145","2023-02-28","activo","{""tipo"": ""Aislamiento Tubería"", ""material"": ""Espuma"", ""diametro_tuberia_mm"": 22, ""longitud_instalada_m"": 30}"
41,"AC000019","2023-05-30","activo","{""ubicacion"": ""Estudio"", ""parte_de_sistema"": ""AC000008"", ""tipo"": ""Unidad Interior Mini-Split"", ""capacidad_btu"": 18000}"
42,"AC000074","2024-01-20","activo","{""tipo"": ""Detector de Humo"", ""conexion"": ""Inalámbrico"", ""alimentacion"": ""Batería"", ""ubicacion"": ""Hall Planta Alta""}"
43,"AC000130","2023-07-01","activo","{""tipo"": ""Rejilla de Aire"", ""aplicacion"": ""Impulsión"", ""tamano_mm"": ""300x300"", ""material"": ""Aluminio""}"
44,"AC000113","2022-08-14","activo","{""tipo"": ""Válvula Mezcladora Termostática"", ""vias"": 3, ""tamano_conexion"": ""3/4 pulgada"", ""temperatura_salida_ajustada_c"": 50.0}"
45,"AC000064","2023-09-05","activo","{""marca"": ""Solar Edge"", ""tipo"": ""Optimizador"", ""serie_compatible"": ""P405"", ""instalado_en_panel"": ""AC000051-ID5""}"
46,"AC000007","2023-06-21","activo","{""ubicacion"": ""Oficina"", ""tipo"": ""Portátil"", ""btu"": 10000, ""caracteristicas"": [""Ruedas"", ""Mando Distancia"", ""Kit Ventana""]}"
1,"AC000029","2021-10-01","activo","{""tipo"": ""Caldera Eléctrica"", ""potencia_kw"": 12, ""alimentacion"": ""400V Trifásico"", ""eficiencia_pct"": 99.0}"
2,"AC000079","2024-01-20","activo","{""tipo"": ""Sensor de Caudal"", ""medio"": ""Agua"", ""tamano_conexion"": ""1/2 pulgada"", ""salida"": ""Pulsos""}"
3,"AC000142","2023-02-28","activo","{""material"": ""PEX"", ""diametro_mm"": 20, ""longitud_instalada_m"": 150, ""aplicacion"": ""Fontanería Agua Fria/Caliente""}"
4,"AC000104","2023-05-15","activo","{""tipo"": ""Calentador Gas Instantáneo"", ""caudal_lpm"": 18, ""tipo_tiro"": ""Forzado"", ""display_temperatura"": true}"
5,"AC000068","2023-09-05","activo","{""tipo"": ""Interruptor Seccionador CA"", ""corriente_a"": 40, ""polos"": 2, ""ubicacion"": ""Junto a Inversor""}"
6,"AC000017","2024-03-15","activo","{""ubicacion"": ""Estudio"", ""parte_de_sistema"": ""AC000008"", ""tipo"": ""Unidad Interior Mini-Split"", ""capacidad_btu"": 9000}"
7,"AC000094","2024-01-30","activo","{""tipo"": ""Interruptor de Caudal"", ""medio"": ""Aire"", ""aplicacion"": ""Conducto Ventilacion"", ""salida"": ""Contacto Seco""}"
8,"AC000049","2021-05-22","activo","{""tipo"": ""Bomba de Calor"", ""aplicacion"": ""Sistemas Baja Temperatura (Suelo Radiante)"", ""potencia_kw"": 8, ""SCOP"": 5.0}"
9,"AC000124","2023-07-01","activo","{""tipo"": ""Ventilador Centrífugo"", ""diseno"": ""En Línea"", ""tamano_conducto_mm"": 150, ""flujo_aire_m3h"": 400}"
10,"AC000115","2022-08-14","activo","{""tipo"": ""Válvula de Compuerta"", ""funcion"": ""Aislamiento"", ""tamano_conexion"": ""1 pulgada"", ""material"": ""Latón"", ""paso"": ""Total""}"
11,"AC000050","2023-08-20","activo","{""tipo"": ""Colector Solar Térmico"", ""diseno"": ""Placa Plana"", ""area_m2"": 2.5, ""aplicacion"": ""ACS"", ""numero_instalado"": 2}"
12,"AC000008","2022-03-17","activo","{""tipo_sistema"": ""Multi-Zona Sin Ductos"", ""ubicacion"": ""Exterior - Fachada Trasera"", ""SEER"": 19.0}"
13,"AC000081","2024-01-20","activo","{""tipo"": ""Sensor de Nivel"", ""metodo"": ""Ultrasónico"", ""aplicacion"": ""Depósito Agua Pluvial"", ""rango_max_m"": 5}"
14,"AC000139","2023-07-01","activo","{""tipo"": ""Extractor de Baño"", ""tamano_conducto_mm"": 100, ""flujo_aire_m3h"": 100, ""nivel_ruido_db"": 40}"
15,"AC000105","2021-09-01","activo","{""tipo"": ""Bomba Circuladora"", ""aplicacion"": ""Sistema Calefacción"", ""caudal_max_m3h"": 3.0, ""altura_manometrica_max_m"": 6}"
16,"AC000054","2023-09-05","activo","{""ubicacion"": ""Cuarto de Servicios - Pared"", ""garantia_años"": 10, ""certificacion"": ""CE""}"
17,"AC000095","2024-01-20","activo","{""tipo"": ""Termostato"", ""aplicacion"": ""Protección Antihielo Tuberías"", ""punto_ajuste_c"": 5.0, ""reiniciο"": ""Automático""}"
18,"AC000041","2021-05-22","activo","{""tipo_combustible"": ""Leña"", ""potencia_kw"": 20, ""eficiencia_pct"": 85.0, ""carga"": ""Manual""}"
19,"AC000117","2022-08-14","activo","{""tipo"": ""Separador de Suciedad"", ""tamano_conexion"": ""1 pulgada"", ""funcion"": ""Filtración"", ""limpieza"": ""Manual""}"
20,"AC000069","2023-09-05","activo","{""tipo"": ""Malla"", ""aplicacion"": ""Protección Aves (Paneles Solares)"", ""longitud_m"": 30, ""material"": ""HDPE""}"
21,"AC000003","2022-04-18","activo","{""ubicacion"": ""Salón Pequeño"", ""btu"": 18000, ""SEER"": 17.0, ""filtro"": ""Lavable""}"
22,"AC000038","2022-06-14","activo","{""tipo"": ""Bomba de Calor Aire-Agua"", ""potencia_kw"": 12, ""aplicacion"": ""Calefacción y ACS"", ""compatible_smart_grid"": true}"
23,"AC000082","2024-01-20","activo","{""tipo"": ""Sensor de Luz"", ""parametro"": ""Intensidad Lumínica"", ""unidad"": ""Lux"", ""salida"": ""0-10V""}"
24,"AC000135","2023-07-01","activo","{""tipo"": ""Humidificador"", ""metodo"": ""Evaporativo"", ""area_cubierta_sqft"": 500, ""tamano_deposito_l"": 5}"
25,"AC000111","2022-08-14","activo","{""tipo"": ""Válvula Reductora de Presión"", ""tamano_conexion"": ""1 pulgada"", ""presion_ajuste_bar"": 3.0, ""material"": ""Latón Niquelado""}"
26,"AC000057","2023-09-05","activo","{""ubicacion"": ""Cuarto Baterías"", ""tecnologia"": ""Litio-ion"", ""capacidad_kwh"": 10, ""sistema_gestion_bateria"": ""Integrado""}"
27,"AC000001","2024-03-10","activo","{""ubicacion"": ""Cuarto de Televisión"", ""btu"": 9000, ""SEER"": 18.5, ""nivel_ruido_db"": 25}"
28,"AC000026","2021-09-01","activo","{""ubicacion"": ""Cuarto Caldera"", ""tipo"": ""Mixta Condensación"", ""control_climatica"": true, ""conexion_termostato"": ""OpenTherm""}"
29,"AC000071","2023-01-25","activo","{""marca"": ""SmartHomeX"", ""integracion_con"": [""Alexa"", ""Google Home"", ""Apple HomeKit""], ""control_app_movil"": true}"
30,"AC000133","2024-01-15","activo","{""conectividad"": ""App Móvil"", ""indicador_calidad_aire"": true, ""filtracion_compuesta"": true}"
31,"AC000101","2024-02-10","activo","{""garantia_años"": 3, ""resistencia"": ""Ceramica"", ""clase_eficiencia"": ""B""}"
32,"AC000051","2023-08-20","activo","{""garantia_producto_años"": 15, ""garantia_produccion_años"": 25, ""eficiencia_pct"": 22.0}"
33,"AC000088","2023-03-05","activo","{""par_nm"": 5, ""alimentacion_v"": ""24V AC/DC"", ""retorno"": ""Muelle""}"
34,"AC000112","2020-11-11","activo","{""certificado"": ""CE"", ""material_cuerpo"": ""Latón"", ""presion_max_operacion_bar"": 10}"
35,"AC000005","2023-06-21","activo","{""ubicacion"": ""Dormitorio"", ""eficiencia_energetica"": ""A"", ""control"": ""Mecanico"", ""facil_instalacion"": true}"
36,"AC000042","2022-01-20","activo","{""aplicacion"": ""Edificio Comercial"", ""voltaje"": ""380V 3-Phase"", ""control"": ""Centralizado BMS""}"
37,"AC000078","2024-01-20","activo","{""precision_humedad_pct"": ""+-3%"", ""salida"": ""RS485"", ""parametro"": ""Temperatura y Humedad""}"
38,"AC000121","2023-07-01","activo","{""montaje"": ""Pared"", ""bypass_integrado"": true, ""ventiladores"": ""EC""}"
39,"AC000090","2024-01-30","activo","{""clase_precision"": 1, ""certificado_mid"": true, ""tipo_montaje"": ""Carril DIN""}"
40,"AC000044","2022-08-14","activo","{""material_interior"": ""Acero Vitrificado"", ""anodo"": ""Magnesio"", ""presion_max_bar"": 8}"
41,"AC000063","2023-09-05","activo","{""grado_proteccion"": ""IP67"", ""resistente_uv"": true}"
42,"AC000015","2021-07-10","activo","{""funcion_adicional"": ""Deshumidificación"", ""limpieza_automatica"": true, ""filtro"": ""Anti-bacterias""}"
43,"AC000027","2023-04-11","activo","{""display"": ""Digital"", ""conexion_termostato"": ""OpenTherm/Relé"", ""bombas_integradas"": true}"
44,"AC000075","2024-01-20","activo","{""angulo_deteccion_grados"": 110, ""altura_montaje_optima_m"": 2.5, ""tipo"": ""PIR""}"
45,"AC000057","2023-09-05","activo","{""arquitectura"": ""Modular"", ""comunicacion"": ""CAN Bus"", ""vida_util_años"": 15}"
46,"AC000105","2021-09-01","activo","{""proteccion_funcionamiento_seco"": true, ""cuerpo_bomba"": ""Bronce"", ""clase_eficiencia_energetica"": ""A""}"
1,"AC000010","2022-07-07","activo","{""sistema_filtrado"": ""MERV 8"", ""retorno_aire"": ""Lateral"", ""garantia_compresor_años"": 5}"
2,"AC000098","2024-01-20","activo","{""altura_montaje_max_m"": 4, ""sensibilidad_ajustable"": true, ""salida"": ""Contacto Seco""}"
3,"AC000046","2022-10-19","activo","{""dimensiones_mm"": ""600x600x1800"", ""resistencia_apoyo_electrico"": ""Integrada 2kW"", ""tiempo_calentamiento_std_h"": 4}"
4,"AC000035","2023-02-28","activo","{""barrera_oxigeno"": true, ""aislamiento_termico"": ""Bueno""}"
5,"AC000059","2023-09-05","activo","{""peso_soportado_kg_m2"": 200, ""resistente_viento"": true, ""compatible_tejas"": [""Ceramica"", ""Hormigon""]}"
6,"AC000006","2023-06-21","retirado","{""ubicacion"": ""Oficina Pequeña"", ""estado"": ""Retirado - En almacén cliente"", ""fecha_retiro"": ""2024-07-01"", ""motivo"": ""Obsoleto""}"
7,"AC000037","2023-04-11","activo","{""potencia_min_kw"": 7, ""sistema_alimentacion"": ""Tornillo sinfín"", ""conexion_silo"": ""Opcional""}"
8,"AC000122","2023-07-01","activo","{""control_remoto"": ""Opcional"", ""ventiladores"": ""EC"", ""bypass"": ""Manual/Automático""}"
9,"AC000114","2022-08-14","activo","{""presion_max_bar"": 16, ""certificado_gas"": true, ""material_bola"": ""Latón Cromado""}"
10,"AC000053","2023-08-20","activo","{""potencia_nominal_w"": 100, ""dimensiones_mm"": ""1000x500x3"", ""adhesivo"": true}"
11,"AC000004","2022-04-18","activo","{""tipo_filtros_recomendado"": ""MERV 10"", ""control_individual_zona"": ""Opcional (con accesorios)""}"
12,"AC000076","2024-01-20","activo","{""duracion_bateria_estimada_años"": 2, ""indicador_bateria_baja"": true, ""supervision"": ""Vía App""}"
13,"AC000137","2023-07-01","activo","{""seguridad_apagado_puerta"": true, ""potencia_lampara_w"": 16, ""tipo_esterilizacion"": ""UV-C""}"
14,"AC000102","2024-02-10","activo","{""valvula_seguridad"": true, ""proteccion_electrica"": ""IP24""}"
15,"AC000055","2023-09-05","activo","{""topologia"": ""String"", ""monitorizacion_individual_panel"": ""Opcional (con optimizadores)"", ""garantia_años"": 10}"
16,"AC000089","2024-01-20","activo","{""salidas_control"": [""Ventilador"", ""Válvula Calor"", ""Válvula Frio""], ""comunicacion_bus"": ""Modbus""}"
17,"AC000040","2021-05-22","activo","{""baja_inercia_termica"": true, ""bajo_contenido_agua"": true, ""acabado"": ""Blanco RAL 9016""}"
18,"AC000116","2022-08-14","activo","{""montaje"": ""Horizontal o Vertical"", ""material_disco"": ""Polímero""}"
19,"AC000067","2023-09-05","activo","{""montaje"": ""Panel"", ""corriente_dc_max_a"": 32, ""normativa"": ""IEC60947-3""}"
20,"AC000007","2023-06-21","activo","{""mando_distancia"": true, ""kit_escape_ventana"": true, ""panel_control"": ""Táctil""}"
21,"AC000029","2021-10-01","activo","{""conexion_electrica"": ""Trifasica"", ""seguridad_sobrecalentamiento"": true, ""control_temperatura"": ""Digital""}"
22,"AC000079","2024-01-20","activo","{""diametro_nominal"": ""DN15"", ""presion_max_bar"": 10, ""precision_pct"": 1}"
23,"AC000142","2023-02-28","activo","{""certificado_agua_potable"": true, ""uso_principal"": ""Fontanería"", ""radio_curvatura_min_mm"": 100}"
24,"AC000104","2023-05-15","activo","{""modulacion_llama"": true, ""encendido"": ""Electrónico"", ""tipo_gas"": ""Natural""}"
25,"AC000068","2023-09-05","activo","{""grado_ip"": ""IP65"", ""corriente_max_a"": 40, ""tipo_conexión"": ""Rosca""}"
26,"AC000017","2024-03-15","activo","{""diseño"": ""Compacto"", ""funcion_silent"": true, ""compatibilidad_marca"": ""Universal (ciertos modelos)""}"
27,"AC000094","2024-01-30","activo","{""presion_min_operacion_pa"": 50, ""temperatura_max_c"": 80, ""medio_detectado"": ""Aire""}"
28,"AC000049","2021-05-22","activo","{""COP_certififcado"": 5.0, ""compatible_radiadores_baja_temp"": true, ""temperatura_salida_max_c"": 55}"
29,"AC000124","2023-07-01","activo","{""cuerpo_metalico"": true, ""velocidad_regulable"": true, ""nivel_presion_sonora_db"": 40}"
30,"AC000115","2022-08-14","activo","{""volante"": ""Manual"", ""paso"": ""Total"", ""material_cuerpo"": ""Latón""}"
31,"AC000050","2023-08-20","activo","{""peso_kg"": 50, ""area_apertura_m2"": 2.3, ""conexion_hidraulica"": ""22mm""}"
32,"AC000008","2022-03-17","activo","{""unidad_exterior_unica"": true, ""control_individual_unidades"": true, ""num_max_conexiones"": 3}"
33,"AC000081","2024-01-20","activo","{""montaje"": ""Superior Depósito"", ""salida"": ""4-20mA"", ""alimentacion_v"": ""24V DC""}"
34,"AC000139","2023-07-01","activo","{""valvula_antirretorno"": true, ""funcionamiento"": ""Intermitente con Temporizador"", ""nivel_ruido_db"": 40}"
35,"AC000105","2021-09-01","activo","{""conexion"": ""Rosca"", ""material_impulsor"": ""Tecnopolímero"", ""consumo_w"": 40}"
36,"AC000054","2023-09-05","activo","{""display_lcd"": true, ""ventilacion"": ""Forzada"", ""comunicacion"": ""RS485""}"
37,"AC000095","2024-01-20","activo","{""montaje"": ""Tubería"", ""temperatura_fija_c"": 5, ""diferencial_conexion_desconexión_k"": 2}"
38,"AC000041","2021-05-22","activo","{""control_combustion"": ""Manual"", ""tipo_combustion"": ""Gasificación""}"
39,"AC000117","2022-08-14","activo","{""cuerpo"": ""Latón"", ""imán"": ""Neodimio"", ""tamano_conexion"": ""1 pulgada""}"
40,"AC000069","2023-09-05","activo","{""longitud_total_m"": 30, ""material"": ""HDPE"", ""resistente_uv"": true}"
41,"AC000003","2022-04-18","activo","{""tecnologia"": ""Inverter"", ""garantia_compresor_años"": 10}"
42,"AC000038","2022-06-14","activo","{""compatibilidad_acs"": true, ""bomba_agua"": ""Integrada""}"
43,"AC000082","2024-01-20","activo","{""uso_sugerido"": ""Control de Iluminación"", ""montaje"": ""Techo""}"
44,"AC000135","2023-07-01","activo","{""tipo_vapor"": ""Frío"", ""area_cubierta_ft2"": 500}"
45,"AC000111","2022-08-14","activo","{""conexion_entrada"": ""Rosca"", ""membrana"": ""EPDM""}"
46,"AC000057","2023-09-05","activo","{""vida_util_años"": 15, ""garantia_ciclos"": 6000}"
1,"AC000010","2022-07-07","activo","{""sistema_control"": ""Termostato Central"", ""sistema_filtrado"": ""MERV 8""}"
2,"AC000098","2024-01-20","activo","{""consumo_w"": 0.5, ""altura_montaje_max_m"": 4}"
3,"AC000046","2022-10-19","activo","{""tiempo_calentamiento_std_h"": 4, ""resistencia_apoyo_electrico_kw"": 2}"
4,"AC000035","2023-02-28","activo","{""uso_recomendado"": ""Suelo Radiante y Radiadores Baja Temp."", ""barrera_oxigeno"": true}"
5,"AC000059","2023-09-05","activo","{""resistente_viento"": true, ""peso_soportado_kg_m2"": 200}"
6,"AC000006","2023-06-21","retirado","{""ubicacion"": ""Cuarto Herramientas"", ""estado"": ""Retirado - Pendiente Reciclaje"", ""fecha_retiro"": ""2024-07-01"", ""motivo"": ""Fin de Vida Útil""}"
7,"AC000037","2023-04-11","activo","{""sistema_alimentacion"": ""Tornillo sinfín"", ""control_pantalla"": ""Digital""}"
8,"AC000122","2023-07-01","activo","{""flujo_max_m3h"": 250, ""recuperacion_energetica"": ""Entálpica""}"
9,"AC000114","2022-08-14","activo","{""tamano_nom"": ""DN15"", ""presion_max_bar"": 16}"
10,"AC000053","2023-08-20","activo","{""voltaje_nominal_v"": 12, ""potencia_pico_w"": 100}"
11,"AC000004","2022-04-18","activo","{""tipo_sistema"": ""Split por Ductos"", ""zonificacion_posible"": true}"
12,"AC000076","2024-01-20","activo","{""supervision"": ""Vía App"", ""duracion_bateria_años"": 2}"
13,"AC000137","2023-07-01","activo","{""indicador_estado_lampara"": true, ""seguridad_apagado_puerta"": true}"
14,"AC000102","2024-02-10","activo","{""potencia_total_kw"": 2, ""proteccion_ip"": ""IP24""}"
15,"AC000055","2023-09-05","activo","{""monitorizacion_individual_panel"": ""Opcional"", ""topologia"": ""String""}"
16,"AC000089","2024-01-20","activo","{""entradas_adicionales"": [""sensor temperatura"", ""contacto ventana""], ""protocolo"": ""Modbus""}"
17,"AC000040","2021-05-22","activo","{""bajo_contenido_agua"": true, ""material"": ""Aluminio""}"
18,"AC000116","2022-08-14","activo","{""material_disco"": ""Polímero"", ""conexion_roscada"": true}"
19,"AC000067","2023-09-05","activo","{""num_polos"": 4, ""montaje"": ""Panel""}"
20,"AC000007","2023-06-21","activo","{""kit_ventana_incluido"": true, ""mando_distancia"": true}"
21,"AC000029","2021-10-01","activo","{""control_temperatura_digital"": true, ""seguridad_sobrecalentamiento"": true}"
22,"AC000079","2024-01-20","activo","{""diametro_nominal"": ""DN15"", ""precision_pct"": 1}"
23,"AC000142","2023-02-28","activo","{""uso_sugerido"": ""Fontanería o Suelo Radiante"", ""barrera_oxigeno"": ""Opcional"", ""certificado_agua_potable"": true}"
24,"AC000104","2023-05-15","activo","{""encendido"": ""Electrónico"", ""modulacion_llama"": true}"
25,"AC000068","2023-09-05","activo","{""corriente_max_a"": 40, ""grado_ip"": ""IP65""}"
26,"AC000017","2024-03-15","activo","{""funcion_adicional"": ""Función Silent"", ""diseño"": ""Compacto""}"
27,"AC000094","2024-01-30","activo","{""temperatura_max_c"": 80, ""presion_min_operacion_pa"": 50}"
28,"AC000049","2021-05-22","activo","{""temperatura_salida_max_c"": 55, ""COP_certififcado"": 5.0}"
29,"AC000124","2023-07-01","activo","{""nivel_presion_sonora_db"": 40, ""velocidad_regulable"": true}"
30,"AC000115","2022-08-14","activo","{""cuerpo"": ""Latón"", ""paso"": ""Total""}"
31,"AC000050","2023-08-20","activo","{""conexion_hidraulica"": ""22mm"", ""area_apertura_m2"": 2.3}"
32,"AC000008","2022-03-17","activo","{""num_max_conexiones"": 3, ""control_individual_unidades"": true}"
33,"AC000081","2024-01-20","activo","{""salida"": ""4-20mA"", ""montaje"": ""Superior""}"
34,"AC000139","2023-07-01","activo","{""funcionamiento"": ""Intermitente"", ""temporizador"": true}"
35,"AC000105","2021-09-01","activo","{""consumo_w"": 40, ""clase_eficiencia_energetica"": ""A""}"
36,"AC000054","2023-09-05","activo","{""comunicacion"": ""RS485"", ""display_lcd"": true}"
37,"AC000095","2024-01-20","activo","{""diferencial_conexion_desconexión_k"": 2, ""montaje"": ""Tubería""}"
38,"AC000121","2023-01-05","activo","{""tipo_producto"": ""Bomba de Vacío"", ""aplicacion"": ""Sistemas AC/Refrigeración"", ""caudal_cfm"": 5, ""etapas"": 2}"
39,"AC000122","2023-02-10","activo","{""tipo_producto"": ""Manifold Digital"", ""refrigerantes"": [""R410a"", ""R32"", ""R134a""], ""precision_bar"": 0.05}"
40,"AC000123","2023-03-18","activo","{""tipo_producto"": ""Recuperador de Refrigerante"", ""compatible"": ""R410a, R22, R134a"", ""tasa_recuperacion_kg_h"": 20}"
41,"AC000124","2023-04-22","activo","{""tipo_producto"": ""Cortatubos Cobre"", ""diametro_max_mm"": 28, ""material_tubo"": ""Cobre, Aluminio""}"
42,"AC000125","2023-05-01","activo","{""tipo_producto"": ""Abocinador Excêntrico"", ""tamano_tubo_pulgadas"": [""1/4"", ""3/8"", ""1/2"", ""5/8"", ""3/4""]}"
43,"AC000126","2023-06-10","activo","{""tipo_producto"": ""Curvador Tuberías"", ""tamano_tubo_mm"": 15, ""material_tubo"": ""Cobre Recocido""}"
44,"AC000127","2023-07-05","activo","{""tipo_producto"": ""Doblador Hidráulico"", ""rango_diametro_pulgadas"": ""1/2-2"", ""aplicacion"": ""Tubería Pesada""}"
45,"AC000128","2023-08-12","activo","{""tipo_producto"": ""Prensa Terminales"", ""rango_mm2"": ""6-50"", ""tipo_terminal"": ""Tubular""}"
46,"AC000129","2023-09-01","activo","{""tipo_producto"": ""Pelacables Automático"", ""rango_mm2"": ""0.5-6""}"
1,"AC000130","2023-10-18","activo","{""tipo_producto"": ""Soldador TIG"", ""potencia_a"": 200, ""materiales"": [""Acero Inox."", ""Cobre""]}"
2,"AC000131","2023-11-25","activo","{""tipo_producto"": ""Medidor Laser Distancia"", ""alcance_m"": 50, ""precision_mm"": 1.5}"
3,"AC000132","2023-12-01","activo","{""tipo_producto"": ""Nivel Laser Cruz"", ""lineas"": [""Horizontal"", ""Vertical""], ""alcance_m"": 20}"
4,"AC000133","2024-01-08","activo","{""tipo_producto"": ""Cámara Termográfica"", ""resolucion_px"": ""160x120"", ""rango_temp_c"": ""-20 a 350""}"
5,"AC000134","2024-02-14","activo","{""tipo_producto"": ""Detector Fugas Gas"", ""gases_detectables"": [""Gas Natural"", ""GLP""], ""sensibilidad_ppm"": 50}"
6,"AC000135","2024-03-01","activo","{""tipo_producto"": ""Luxómetro Digital"", ""rango_lux"": ""0-200000"", ""precision_pct"": 3}"
7,"AC000136","2024-04-05","activo","{""tipo_producto"": ""Sonómetro Digital"", ""rango_db"": ""30-130"", ""precision_db"": 1.5}"
8,"AC000137","2024-05-12","activo","{""tipo_producto"": ""Analizador Combustión"", ""gases"": [""O2"", ""CO"", ""CO2""], ""aplicacion"": ""Calderas""}"
9,"AC000138","2024-06-01","activo","{""tipo_producto"": ""Medidor Espesor Capa"", ""rango_micras"": ""0-1500"", ""sustratos"": [""Ferrosos"", ""No Ferrosos""]}"
10,"AC000139","2024-07-07","activo","{""tipo_producto"": ""Videoendoscopio Inspeccion"", ""diametro_mm"": 8, ""longitud_m"": 2}"
11,"AC000140","2024-08-14","activo","{""tipo_producto"": ""Kit Limpieza Paneles Solares"", ""incluye"": [""Cepillo Telescopico"", ""Conexion Agua""]}"
12,"AC000141","2024-09-01","activo","{""tipo_producto"": ""Herramienta Crimpado MC4"", ""aplicacion"": ""Conectores Solares""}"
13,"AC000142","2024-10-18","activo","{""tipo_producto"": ""Multímetro Digital"", ""mediciones"": [""Voltaje"", ""Corriente"", ""Resistencia""]}"
14,"AC000143","2024-11-25","activo","{""tipo_producto"": ""Pinza Amperimétrica"", ""medicion_corriente_a"": 400, ""tipo_corriente"": [""CA"", ""CC""]}"
15,"AC000144","2024-12-01","activo","{""tipo_producto"": ""Detector Voltaje Sin Contacto"", ""rango_v"": ""90-1000"", ""indicador"": ""Sonoro y Visual""}"
16,"AC000145","2024-01-08","activo","{""tipo_producto"": ""Termómetro Infrarrojos"", ""rango_temp_c"": ""-50 a 500"", ""distancia_spot"": ""12:1""}"
17,"AC000146","2024-02-14","activo","{""tipo_producto"": ""Equipo Limpieza Serpentines"", ""metodo"": ""Presión Agua/Químico"", ""aplicacion"": ""AC/Refrigeración""}"
18,"AC000147","2024-03-01","activo","{""tipo_producto"": ""Analizador Calidad Aire Interior"", ""parametros"": [""CO2"", ""TVOCs"", ""Humedad"", ""Temperatura""]}"
19,"AC000148","2024-04-05","activo","{""tipo_producto"": ""Bomba Condensados"", ""caudal_lh"": 40, ""altura_max_m"": 4}"
20,"AC000149","2024-05-12","activo","{""tipo_producto"": ""Detector Fugas Refrigerante"", ""gases_detectables"": [""HFCs"", ""HCFCs""], ""sensibilidad_gr_año"": 3}"
21,"AC000150","2024-06-01","activo","{""tipo_producto"": ""Contador de Partículas"", ""tamano_min_micras"": 0.3, ""canales"": 6}"
22,"AC000125","2024-01-15","activo","{""ubicacion"": ""Distribucion Conductos"", ""material"": ""Flexible Aislado"", ""diametro_mm"": 150}"
23,"AC000148","2024-02-20","activo","{""ubicacion"": ""Radiador Dormitorio"", ""tipo"": ""Termostatica"", ""control_temperatura"": ""Automático""}"
24,"AC000013","2024-03-25","activo","{""ubicacion"": ""Oficina Principal"", ""tecnologia"": ""Inverter"", ""eficiencia_energetica"": ""A++""}"
25,"AC000091","2024-04-30","activo","{""ubicacion"": ""Entrada Suministro Edificio"", ""protocolo"": ""Modbus"", ""medicion_bidireccional"": true}"
26,"AC000119","2024-05-10","activo","{""ubicacion"": ""Circuito Calefaccion"", ""funcion"": ""Filtracion Magnetica"", ""tamano_tuberia_mm"": 22}"
27,"AC000066","2024-06-05","activo","{""ubicacion"": ""Jardin Delantero"", ""tipo_montaje"": ""Suelo"", ""paneles_montados"": 10}"
28,"AC000020","2024-07-01","activo","{""ubicacion"": ""Hotel - Habitacion 205"", ""tipo"": ""PTAC"", ""control_remoto_centralizado"": ""Opcional""}"
29,"AC000031","2024-08-01","activo","{""ubicacion"": ""Patio Interior"", ""estado"": ""Revisado"", ""diagnostico_previo"": ""Compresor"", ""nota_tecnica"": ""Funcionando post-revisión""}"
30,"AC000080","2024-09-05","activo","{""ubicacion"": ""Sala Bombas"", ""rango_bar"": ""0-10"", ""calibracion_necesaria"": ""Anual""}"
31,"AC000134","2024-10-10","activo","{""ubicacion"": ""Sotano"", ""capacidad_ldiario"": 20, ""desague"": ""Manual (depósito)"", ""humedad_objetivo_pct"": 50}"
32,"AC000108","2024-11-15","activo","{""ubicacion"": ""Cuarto Bombas"", ""aplicacion"": ""Aumento Presion"", ""presion_salida_ajustada_bar"": 3.5}"
33,"AC000056","2024-12-01","activo","{""ubicacion"": ""Garaje"", ""tipo"": ""Hibrido"", ""modo_activo"": ""Autoconsumo con Batería""}"
34,"AC000002","2024-01-10","activo","{""ubicacion"": ""Dormitorio Huespedes"", ""modo_preferido"": ""Frio"", ""temperatura_ajustada_c"": 22.0}"
35,"AC000028","2024-02-10","activo","{""ubicacion"": ""Casa Campo - Cuarto Caldera"", ""tipo_combustible"": ""Gasoleo"", ""requiere_suministro_regular"": true}"
36,"AC000073","2024-03-10","activo","{""ubicacion"": ""Entrada Garaje"", ""deteccion_co"": true, ""conectado_alarma_central"": true}"
37,"AC000141","2024-04-10","activo","{""ubicacion"": ""Red Fontaneria Cocina"", ""material"": ""Cobre"", ""diametro_mm"": 15}"
38,"AC000103","2024-05-10","activo","{""ubicacion"": ""Cocina"", ""tipo"": ""Instantaneo Gas"", ""caudal_lpm"": 12}"
39,"AC000060","2024-06-10","activo","{""ubicacion"": ""Terraza Tejado Plano"", ""tipo_montaje"": ""Plano"", ""resistencia_viento"": ""Alta""}"
40,"AC000016","2024-07-10","activo","{""ubicacion"": ""Altillo"", ""modo_ahorro"": true, ""garantia_años"": 5}"
41,"AC000092","2024-08-10","activo","{""ubicacion"": ""Almacen"", ""parametro_registro"": ""Temperatura"", ""descarga_datos"": ""Mensual""}"
42,"AC000047","2024-09-10","activo","{""ubicacion"": ""Pasillo Entrada"", ""longitud_m"": 1, ""color"": ""Blanco""}"
43,"AC000122","2024-10-10","activo","{""ubicacion"": ""Cuarto Maquinas Ventilacion"", ""tipo"": ""VREC"", ""recuperacion_entalpica"": true}"
44,"AC000114","2024-11-10","activo","{""ubicacion"": ""Entrada Agua Vivienda"", ""funcion"": ""Corte Principal"", ""tamano"": ""1/2 pulgada""}"
45,"AC000053","2024-12-10","activo","{""ubicacion"": ""Tejado Caravanas"", ""tipo"": ""Flexible"", ""instalacion_adhesiva"": true}"
46,"AC000004","2024-01-20","activo","{""ubicacion"": ""Oficinas Planta 2"", ""tipo_sistema"": ""Por Ductos"", ""capacidad_ton"": 4}"
1,"AC000076","2024-02-20","activo","{""ubicacion"": ""Puerta Acceso Servicio"", ""tipo"": ""Contacto"", ""monitoreado_remotamente"": true}"
2,"AC000137","2024-03-20","activo","{""ubicacion"": ""Conducto Principal"", ""metodo"": ""UV-C"", ""mantenimiento_lampara"": ""Anual""}"
3,"AC000102","2024-04-20","activo","{""ubicacion"": ""Cuarto Limpieza"", ""capacidad_l"": 100, ""material"": ""Acero""}"
4,"AC000055","2024-05-20","activo","{""ubicacion"": ""Edificio Comercial - Tejado"", ""potencia_kw"": 10, ""gestion_strings"": true}"
5,"AC000089","2024-06-20","activo","{""ubicacion"": ""Control Hab. 5"", ""aplicacion"": ""Fan Coil"", ""interfaz"": ""Cableada""}"
6,"AC000040","2024-07-20","activo","{""ubicacion"": ""Baño Visitantes"", ""tipo"": ""Radiador Aluminio"", ""dimensiones_mm"": ""500x800""}"
7,"AC000116","2024-08-20","activo","{""ubicacion"": ""Salida Bomba"", ""funcion"": ""Antirretorno"", ""tamano"": ""3/4 pulgada""}"
8,"AC000067","2024-09-20","activo","{""ubicacion"": ""Caja Seccionamiento Solar"", ""tipo"": ""DC Isolator"", ""corriente_a"": 32}"
9,"AC000007","2024-10-20","activo","{""ubicacion"": ""Almacen Temporal"", ""tipo"": ""Portatil"", ""facil_transporte"": true}"
10,"AC000029","2024-11-20","activo","{""ubicacion"": ""Nave Industrial - Oficinas"", ""tipo"": ""Caldera Electrica"", ""potencia_kw"": 12}"
11,"AC000079","2024-12-20","activo","{""ubicacion"": ""Linea Agua Entrada"", ""medicion"": ""Caudal"", ""tamano"": ""1/2 pulgada""}"
12,"AC000142","2024-01-25","activo","{""ubicacion"": ""Red Agua Caliente Sanitaria"", ""material"": ""PEX"", ""diametro_mm"": 20}"
13,"AC000104","2024-02-25","activo","{""ubicacion"": ""Lavadero"", ""tipo"": ""Instantaneo Gas"", ""encendido"": ""Electronico""}"
14,"AC000068","2024-03-25","activo","{""ubicacion"": ""Junto Inversor Solar"", ""tipo"": ""AC Isolator"", ""corriente_a"": 40}"
15,"AC000017","2024-04-25","activo","{""ubicacion"": ""Oficina #3"", ""parte_de_sistema"": ""AC000008"", ""diseno"": ""Mural""}"
16,"AC000094","2024-05-25","activo","{""ubicacion"": ""Conducto Extraccion"", ""funcion"": ""Deteccion Flujo Aire"", ""salida"": ""Contacto""}"
17,"AC000049","2024-06-25","activo","{""ubicacion"": ""Edificio Apartamentos - Sistema Central"", ""tipo"": ""Bomba Calor BT"", ""potencia_kw"": 8}"
18,"AC000124","2024-07-25","activo","{""ubicacion"": ""Zona Técnica"", ""tipo"": ""Ventilador Conducto"", ""tamano_mm"": 150}"
19,"AC000115","2024-08-25","activo","{""ubicacion"": ""Aislamiento General Agua"", ""funcion"": ""Aislamiento"", ""tamano"": ""1 pulgada""}"
20,"AC000050","2024-09-25","activo","{""ubicacion"": ""Tejado Principal"", ""tipo"": ""Colector Solar"", ""aplicacion"": ""ACS""}"
21,"AC000008","2024-10-25","activo","{""ubicacion"": ""Exterior"", ""tipo"": ""Multi-Zona"", ""capacidad_total_btu"": 27000}"
22,"AC000081","2024-11-25","activo","{""ubicacion"": ""Depósito Contraincendios"", ""medicion"": ""Nivel"", ""metodo"": ""Ultrasonico""}"
23,"AC000139","2024-12-25","activo","{""ubicacion"": ""Baño Planta Baja"", ""funcion"": ""Extraccion"", ""diametro_mm"": 100}"
24,"AC000105","2024-01-30","activo","{""ubicacion"": ""Sala Maquinas Calefaccion"", ""aplicacion"": ""Circulacion"", ""caudal_m3h"": 3}"
25,"AC000054","2024-02-29","activo","{""ubicacion"": ""Garaje Anexo"", ""potencia_kw"": 5, ""comunicacion_wifi"": true}"
26,"AC000095","2024-03-30","activo","{""ubicacion"": ""Tuberias Exterior"", ""funcion"": ""Proteccion Antihielo"", ""punto_ajuste_c"": 5}"
27,"AC000041","2024-04-30","activo","{""ubicacion"": ""Casa Rural - Establo"", ""tipo_combustible"": ""Leña"", ""potencia_kw"": 20}"
28,"AC000117","2024-05-30","activo","{""ubicacion"": ""Entrada Caldera"", ""funcion"": ""Separacion Suciedad"", ""tamano"": ""1 pulgada""}"
29,"AC000069","2024-06-30","activo","{""ubicacion"": ""Perimetro Paneles"", ""proteccion"": ""Aves"", ""material"": ""HDPE""}"
30,"AC000003","2024-07-30","activo","{""ubicacion"": ""Habitacion Hijos"", ""btu"": 18000, ""tecnologia"": ""Inverter""}"
31,"AC000038","2024-08-30","activo","{""ubicacion"": ""Terraza Técnica"", ""tipo"": ""Aerotermia"", ""aplicacion"": ""Calefaccion/ACS""}"
32,"AC000082","2024-09-30","activo","{""ubicacion"": ""Sala de Reunion"", ""medicion"": ""Luz Ambiente"", ""salida"": ""0-10V""}"
33,"AC000135","2024-10-30","activo","{""ubicacion"": ""Salon - Junto Planta"", ""funcion"": ""Humidificacion"", ""metodo"": ""Evaporativo""}"
34,"AC000111","2024-11-30","activo","{""ubicacion"": ""Linea Entrada Agua"", ""funcion"": ""Reduccion Presion"", ""presion_ajuste_bar"": 3}"
35,"AC000057","2024-12-30","activo","{""ubicacion"": ""Cuarto Electrico Solar"", ""capacidad_kwh"": 10, ""vida_util_años"": 15}"
36,"AC000010","2024-01-20","activo","{""ubicacion"": ""Tejado Edificio"", ""tipo_sistema"": ""Central Ductos"", ""capacidad_ton"": 3}"
37,"AC000098","2024-02-20","activo","{""ubicacion"": ""Zona Recepcion"", ""deteccion"": ""Presencia"", ""montaje"": ""Techo""}"
38,"AC000046","2024-03-20","activo","{""ubicacion"": ""Garaje - Acumulador ACS"", ""tipo"": ""Termo Bomba Calor"", ""capacidad_l"": 250}"
39,"AC000035","2024-04-20","activo","{""ubicacion"": ""Distribuidor Planta Baja"", ""aplicacion"": ""Suelo Radiante"", ""material"": ""PEX-AL-PEX""}"
40,"AC000059","2024-05-20","activo","{""ubicacion"": ""Tejado Trastero"", ""tipo_montaje"": ""Inclinado Teja"", ""num_paneles"": 4}"
41,"AC000006","2023-06-21","retirado","{""estado"": ""Retirado y Dado de Baja"", ""fecha_retiro"": ""2024-07-01"", ""motivo"": ""Sustituido por AC000005""}"
42,"AC000037","2024-06-20","activo","{""ubicacion"": ""Cuarto Caldera Leña"", ""tipo_combustible"": ""Pellets"", ""limpieza_automatica"": true}"
43,"AC000122","2024-07-20","activo","{""ubicacion"": ""Local Comercial - Almacen"", ""tipo"": ""VREC"", ""flujo_aire_m3h"": 250}"
44,"AC000114","2024-08-20","activo","{""ubicacion"": ""Toma Agua Exterior"", ""funcion"": ""Corte"", ""material"": ""Latón""}"
45,"AC000053","2024-09-20","activo","{""ubicacion"": ""Tejado Autocaravana #1"", ""tipo"": ""Panel Flexible"", ""potencia_w"": 100}"
46,"AC000004","2024-10-20","activo","{""ubicacion"": ""Planta 3 - Oficinas"", ""capacidad_ton"": 4, ""tipo_sistema"": ""Por Ductos""}"
1,"AC000076","2024-11-20","activo","{""ubicacion"": ""Ventana Salon"", ""tipo"": ""Sensor Ventana"", ""conexion"": ""Inalambrico""}"
2,"AC000137","2024-12-20","activo","{""ubicacion"": ""Conducto Retorno"", ""tipo"": ""Esterilizador Aire"", ""metodo"": ""UV-C""}"
3,"AC000102","2025-01-10","activo","{""ubicacion"": ""Cocina Pequeña"", ""tipo"": ""Termo Electrico"", ""capacidad_l"": 100}"
4,"AC000055","2025-02-10","activo","{""ubicacion"": ""Cuarto Electrico Solar 2"", ""tipo"": ""Inversor String Trifasico"", ""potencia_kw"": 10}"
5,"AC000089","2025-03-10","activo","{""ubicacion"": ""Control Hab. 7"", ""aplicacion"": ""Fan Coil"", ""control_ventilador"": ""Velocidades""}"
6,"AC000040","2025-04-10","activo","{""ubicacion"": ""Dormitorio Principal"", ""tipo"": ""Radiador Aluminio"", ""potencia_w"": 1000}"
7,"AC000116","2025-05-10","activo","{""ubicacion"": ""Salida Bomba Circulacion ACS"", ""funcion"": ""Antirretorno"", ""tamano"": ""3/4 pulgada""}"
8,"AC000067","2025-06-10","activo","{""ubicacion"": ""Campo Solar 2"", ""tipo"": ""Seccionador DC"", ""corriente_a"": 32}"
9,"AC000007","2025-07-10","activo","{""ubicacion"": ""Sala de Espera"", ""tipo"": ""Portatil"", ""btu"": 10000}"
10,"AC000029","2025-08-10","activo","{""ubicacion"": ""Cuarto Tecnico"", ""tipo"": ""Caldera Electrica"", ""voltaje"": ""400V""}"
11,"AC000079","2025-09-10","activo","{""ubicacion"": ""Entrada Agua Fria"", ""medicion"": ""Caudal"", ""salida"": ""Pulsos""}"
12,"AC000142","2025-10-10","activo","{""ubicacion"": ""Red Calefaccion Suelo Radiante"", ""material"": ""PEX"", ""aplicacion"": ""Calefaccion""}"
13,"AC000104","2025-11-10","activo","{""ubicacion"": ""Vestuario Gimnasio"", ""tipo"": ""Instantaneo Gas"", ""caudal_lpm"": 18}"
14,"AC000068","2025-12-10","activo","{""ubicacion"": ""Junto Inversor 2"", ""tipo"": ""AC Isolator"", ""corriente_a"": 40}"
15,"AC000017","2026-01-10","activo","{""ubicacion"": ""Oficina #5"", ""parte_de_sistema"": ""AC000009"", ""capacidad_btu"": 9000}"
16,"AC000094","2026-02-10","activo","{""ubicacion"": ""Conducto Impulsion"", ""funcion"": ""Deteccion Flujo"", ""medio"": ""Aire""}"
17,"AC000049","2026-03-10","activo","{""ubicacion"": ""Edificio Publico - Sistema Climatizacion"", ""tipo"": ""Bomba Calor BT"", ""SCOP"": 5.0}"
18,"AC000124","2026-04-10","activo","{""ubicacion"": ""Sala Ventilacion"", ""tipo"": ""Ventilador Conducto"", ""flujo_aire_m3h"": 400}"
19,"AC000115","2026-05-10","activo","{""ubicacion"": ""Bypass General"", ""funcion"": ""Aislamiento"", ""paso"": ""Total""}"
20,"AC000050","2026-06-10","activo","{""ubicacion"": ""Tejado Anexo"", ""tipo"": ""Colector Solar"", ""area_m2"": 2.5}"
21,"AC000008","2026-07-10","activo","{""ubicacion"": ""Exterior Edificio"", ""tipo"": ""Multi-Zona"", ""num_zonas"": 3}"
22,"AC000081","2026-08-10","activo","{""ubicacion"": ""Depósito Pluvial 2"", ""medicion"": ""Nivel"", ""rango_m"": 5}"
23,"AC000139","2026-09-10","activo","{""ubicacion"": ""Baño Planta Alta"", ""funcion"": ""Extraccion"", ""nivel_ruido_db"": 40}"
24,"AC000105","2026-10-10","activo","{""ubicacion"": ""Circuito Calefaccion Principal"", ""aplicacion"": ""Circulacion"", ""material_cuerpo"": ""Bronce""}"
25,"AC000054","2026-11-10","activo","{""ubicacion"": ""Sala Inversores"", ""potencia_kw"": 5, ""topologia"": ""String""}"
26,"AC000095","2026-12-10","activo","{""ubicacion"": ""Tuberias Sotano"", ""funcion"": ""Proteccion Antihielo"", ""conexion"": ""Tubería""}"
27,"AC000121","2023-01-05","en_servicio_tecnico","{""ubicacion_uso"": ""Taller 1"", ""estado"": ""Calibracion pendiente"", ""proxima_fecha_mant"": ""2025-01-01""}"
28,"AC000122","2023-02-10","activo","{""ubicacion_uso"": ""Taller 2"", ""ultima_calibracion"": ""2024-02-01"", ""proxima_calibracion"": ""2025-02-01""}"
29,"AC000123","2023-03-18","activo","{""ubicacion_uso"": ""Furgoneta Tec. Juan P."", ""estado"": ""Operativo"", ""compatible_r32"": true}"
30,"AC000124","2023-04-22","activo","{""ubicacion_uso"": ""Caja Herramientas Tec. Maria G."", ""diametro_max_mm"": 28}"
31,"AC000125","2023-05-01","activo","{""ubicacion_uso"": ""Taller 1"", ""juegos_matrices_incluidos"": 5}"
32,"AC000126","2023-06-10","activo","{""ubicacion_uso"": ""Furgoneta Tec. Carlos L."", ""tamano_mm"": 15}"
33,"AC000127","2023-07-05","activo","{""ubicacion_uso"": ""Taller 2"", ""fuerza_ton"": 8}"
34,"AC000128","2023-08-12","activo","{""ubicacion_uso"": ""Taller 1"", ""incluye_matrices"": ""6-50mm2""}"
35,"AC000129","2023-09-01","activo","{""ubicacion_uso"": ""Taller 2"", ""funcion_corte"": true}"
36,"AC000130","2023-10-18","activo","{""ubicacion_uso"": ""Taller 1"", ""modo_pulsado"": true}"
37,"AC000131","2023-11-25","activo","{""ubicacion_uso"": ""Furgoneta Tec. Ana R."", ""pantalla_retroiluminada"": true}"
38,"AC000132","2023-12-01","activo","{""ubicacion_uso"": ""Caja Herramientas Tec. Pedro S."", ""auto_nivelacion"": true}"
39,"AC000133","2024-01-08","activo","{""ubicacion_uso"": ""Taller 1"", ""conectividad_wifi"": false}"
40,"AC000134","2024-02-14","activo","{""ubicacion_uso"": ""Furgoneta Tec. Laura F."", ""indicador_visual_sonoro"": true}"
41,"AC000135","2024-03-01","activo","{""ubicacion_uso"": ""Taller 2"", ""registro_max_min"": true}"
42,"AC000136","2024-04-05","activo","{""ubicacion_uso"": ""Taller 1"", ""ponderacion"": [""A"", ""C""]}"
43,"AC000137","2024-05-12","activo","{""ubicacion_uso"": ""Furgoneta Tec. David M."", ""sondas_incluidas"": [""O2"", ""CO""]}"
44,"AC000138","2024-06-01","activo","{""ubicacion_uso"": ""Taller 2"", ""pantalla_digital"": true}"
45,"AC000139","2024-07-07","activo","{""ubicacion_uso"": ""Taller 1"", ""iluminacion_led"": true}"
46,"AC000140","2024-08-14","activo","{""ubicacion_uso"": ""Almacén Herramientas"", ""tipo_cepillo"": ""Suave""}"
1,"AC000141","2024-09-01","activo","{""ubicacion_uso"": ""Furgoneta Tec. Sofía G."", ""mecanismo"": ""Trinquete""}"
2,"AC000142","2024-10-18","activo","{""ubicacion_uso"": ""Todos los Técnicos"", ""funcion_adicional"": ""Temperatura""}"
3,"AC000143","2024-11-25","activo","{""ubicacion_uso"": ""Furgoneta Tec. Javier D."", ""funcion_NCV"": true}"
4,"AC000144","2024-12-01","activo","{""ubicacion_uso"": ""Caja Herramientas Tec. Elena R."", ""sensibilidad_ajustable"": false}"
5,"AC000145","2024-01-08","activo","{""ubicacion_uso"": ""Taller 1"", ""emisividad_ajustable"": true}"
6,"AC000146","2024-02-14","activo","{""ubicacion_uso"": ""Taller 2"", ""incluye_boquillas"": true}"
7,"AC000147","2024-03-01","activo","{""ubicacion_uso"": ""Oficinas - RRHH"", ""registro_datos"": true}"
8,"AC000148","2024-04-05","activo","{""ubicacion_uso"": ""Varias Instalaciones AC"", ""ruido_bajo"": true}"
9,"AC000149","2024-05-12","activo","{""ubicacion_uso"": ""Furgoneta Tec. Juan P."", ""calentamiento_rapido"": true}"
10,"AC000150","2024-06-01","activo","{""ubicacion_uso"": ""Taller 1"", ""conexion_pc"": true}"