technician_id,client_id,equipment_id,date,type,result,document_url
1,1,1,"2021-07-10","instalacion","Instalación inicial del equipo AC000015 (Split AC 9000 BTU). Puesta en marcha y pruebas OK.",null
2,2,2,"2022-01-20","instalacion","Instalación de unidad comercial AC000042 (Rooftop AC 5 Ton). Conexiones eléctricas y frigoríficas verificadas.",null
3,3,3,"2023-03-05","instalacion","Montaje y conexionado de actuador AC000088 (Actuador (Damper)). Integración con sistema BMS.",null
4,4,4,"2020-11-11","instalacion","Instalación de válvula de seguridad AC000112 (Safety Relief Valve 3 bar) en circuito primario de calefacción.",null
5,5,5,"2023-08-20","instalacion","Instalación de panel solar AC000051 (Monocrystalline Solar Panel 400W). Orientación e inclinación correctas.",null
6,6,6,"2022-04-18","instalacion","Instalación de split AC000003 (Split System AC 18000 BTU) en dormitorio principal. Prueba de frío/calor OK.",null
7,7,7,"2023-01-25","instalacion","Instalación y configuración inicial de termostato inteligente AC000071 (Smart Thermostat). Conectado a red Wi-Fi.",null
8,8,8,"2024-01-15","instalacion","Instalación de purificador de aire AC000133 (Air Purifier) en zona de estar. Prueba de funcionamiento OK.",null
9,9,9,"2021-09-01","instalacion","Instalación de caldera AC000026 (High-Efficiency Gas Boiler 24kW). Puesta en marcha, purga y pruebas de estanqueidad de gas y agua.",null
10,10,10,"2022-06-14","instalacion","Instalación de bomba de calor AC000030 (Air Source Heat Pump 7kW Monobloc). Conexión a sistema hidrónico.",null
1,11,11,"2023-05-30","instalacion","Instalación de unidad interior mini-split AC000018 (Mini-Split Indoor Unit 12000 BTU) en Dormitorio 2. Conectada a unidad exterior AC000008.",null
2,12,12,"2024-02-10","instalacion","Instalación de termo eléctrico AC000101 (Electric Water Heater 50L). Conexiones agua y eléctrica realizadas.",null
3,13,13,"2023-09-05","instalacion","Instalación de inversor solar AC000054 (Solar Inverter 5kW Monofásico). Conexión a paneles y a red eléctrica. Puesta en marcha.",null
4,14,14,"2024-01-20","instalacion","Instalación de sensor de temperatura y humedad AC000078 (Temperature & Humidity Sensor) en bodega. Calibración inicial.",null
5,15,15,"2022-03-17","instalacion","Instalación de unidad exterior multi-zona AC000008 (Multi-Zone Ductless AC 27000 BTU). Conexión a 3 unidades interiores.",null
6,16,16,"2021-05-22","instalacion","Instalación de radiador AC000033 (Steel Panel Radiator 600x1000mm) en pasillo. Purga de aire realizada.",null
7,17,17,"2023-07-01","instalacion","Instalación de ventilador con recuperador de calor AC000121 (HRV 300m³/h). Conexión a red de conductos.",null
8,18,18,"2024-01-30","instalacion","Instalación de medidor de energía monofásico AC000090 (Energy Meter Single Phase). Conexión a cuadro eléctrico y Modbus.",null
9,19,19,"2022-08-14","instalacion","Instalación de acumulador de ACS AC000044 (DHW Storage Tank 200L). Conexión a caldera (no incluida en esta visita).",null
10,20,20,"2023-09-05","instalacion","Instalación de conectores MC4 AC000063 (MC4 Connector Pair) en cableado solar. Se utilizaron 10 pares.",null
1,21,21,"2024-03-10","instalacion","Instalación de split AC000001 (Split System AC 9000 BTU) en despacho. Carga de refrigerante correcta.",null
2,22,22,"2023-04-11","instalacion","Instalación de caldera AC000027 (High-Efficiency Gas Boiler 30kW). Configuración inicial y pruebas de seguridad.",null
3,23,23,"2024-01-20","instalacion","Instalación de sensor de movimiento AC000075 (Motion Sensor PIR) en entrada. Prueba de detección OK.",null
4,24,24,"2023-09-05","instalacion","Instalación de batería solar AC000057 (Solar Battery 10kWh). Conexión a inversor (AC000056).",null
5,25,25,"2021-09-01","instalacion","Instalación de bomba circuladora AC000105 (Circulator Pump) en circuito de calefacción principal. Puesta en marcha.",null
6,26,26,"2022-07-07","instalacion","Instalación de sistema central por ductos AC000010 (Central Ducted AC 3 Ton). Montaje unidad exterior y conexión a red de conductos interior.",null
7,27,27,"2024-01-20","instalacion","Instalación de detector de presencia AC000098 (Presence Detector) en hall. Configuración de temporizador.",null
8,28,28,"2022-10-19","instalacion","Instalación de termo bomba de calor ACS AC000046 (DHW Heat Pump Water Heater 250L). Conexión hidráulica y eléctrica.",null
9,29,29,"2023-02-28","instalacion","Instalación de tubería PEX AC000035 (Underfloor Heating Pipe 16mm) para suelo radiante. Distribución según plano.",null
10,30,30,"2023-09-05","instalacion","Instalación de kit de montaje solar AC000059 (Solar Mounting Kit Pitched Roof) para 8 paneles. Fijación a estructura de tejado.",null
1,31,31,"2023-06-21","instalacion","Instalación de AC de ventana AC000005 (Window AC Unit 5000 BTU). Sellado perimetral correcto.",null
2,32,32,"2023-05-15","instalacion","Instalación de caldera mixta AC000039 (Condensing Combi Boiler 35kW). Conexiones gas, agua y desagüe. Puesta en marcha.",null
3,33,33,"2024-01-20","instalacion","Instalación de termostato digital AC000072 (Digital Thermostat). Cableado a caldera.",null
4,34,34,"2023-07-01","instalacion","Instalación de conductos flexibles AC000125 (Ducting Flexible Insulated 150mm). Conexión a rejillas y unidad VRC.",null
5,35,35,"2021-05-22","instalacion","Instalación de válvula de radiador AC000148 (Radiator Valve Thermostatic Straight). Prueba de cierre OK.",null
6,36,36,"2024-03-15","instalacion","Instalación de split inverter AC000013 (Inverter Split AC 9000 BTU). Carga de gas y pruebas de funcionamiento.",null
7,37,37,"2024-01-30","instalacion","Instalación de medidor de energía trifásico AC000091 (Energy Meter Three Phase). Conexión a suministro general y sistema de monitorización.",null
8,38,38,"2021-09-01","instalacion","Instalación de filtro magnético AC000119 (Magnetic Filter 22mm) en circuito de calefacción.",null
9,39,39,"2023-09-05","instalacion","Instalación de sistema de montaje en suelo solar AC000066 (Ground Mount System 10 Panels). Cimentación y estructura completadas.",null
10,40,40,"2022-02-01","instalacion","Instalación de PTAC AC000020 (Packaged Terminal AC 15000 BTU) en muro exterior. Sellado perimetral.",null
1,41,41,"2022-06-14","instalacion","Instalación de bomba de calor AC000031 (Air Source Heat Pump 10kW Split - Unidad Exterior). Conexión a unidades interiores.",null
2,42,42,"2024-01-20","instalacion","Instalación de sensor de presión AC000080 (Pressure Sensor 0-10 bar) en línea de impulsión de bomba.",null
3,43,43,"2023-07-01","instalacion","Instalación de deshumidificador AC000134 (Dehumidifier 20L/day). Ubicación y conexión eléctrica.",null
4,44,44,"2022-08-14","instalacion","Instalación de bomba presurizadora AC000108 (Booster Pump Pressure). Conexión en serie a red de agua.",null
5,45,45,"2023-09-05","instalacion","Instalación de inversor híbrido AC000056 (Hybrid Solar Inverter 6kW). Conexión a red, paneles y batería.",null
6,46,46,"2024-03-10","instalacion","Instalación de split AC000002 (Split System AC 12000 BTU) en comedor. Prueba de climatización OK.",null
7,1,28,"2021-10-01","instalacion","Instalación de caldera gasóleo AC000028 (Oil Boiler 20kW). Conexiones y prueba de combustión.",null
8,2,73,"2024-01-20","instalacion","Instalación de detector de CO AC000073 (CO Detector Wired) en sótano. Cableado y prueba de alarma.",null
9,3,141,"2023-02-28","instalacion","Instalación de tramos de tubería de cobre AC000141 (Copper Pipe 15mm). Soldaduras realizadas.",null
10,4,103,"2023-05-15","instalacion","Instalación de calentador de agua a gas instantáneo AC000103 (Gas Water Heater Tankless 12L/min). Conexiones gas y agua.",null
1,5,60,"2023-09-05","instalacion","Instalación de kit de montaje solar AC000060 (Solar Mounting Kit Flat Roof) para 4 paneles. Uso de lastre de hormigón.",null
2,6,16,"2024-03-15","instalacion","Instalación de split inverter AC000016 (Inverter Split AC 24000 BTU) en salón grande. Doble flujo de aire configurado.",null
3,7,92,"2024-01-30","instalacion","Instalación de registrador de datos AC000092 (Data Logger Temperature) en armario de servidores. Configuración de intervalo.",null
4,8,47,"2021-05-22","instalacion","Instalación de radiador zócalo AC000047 (Skirting Board Radiator 1m). Conexión a circuito de calefacción.",null
5,9,122,"2023-07-01","instalacion","Instalación de ventilador con recuperador de energía AC000122 (ERV 250m³/h). Conexión a red de conductos.",null
6,10,114,"2022-08-14","instalacion","Instalación de válvula bola AC000114 (Ball Valve 1/2 inch) en derivación de agua fría.",null
7,11,53,"2023-08-20","instalacion","Instalación de panel solar flexible AC000053 (Flexible Solar Panel 100W) en tejado de caravana. Fijación adhesiva.",null
8,12,4,"2022-04-18","instalacion","Instalación de split AC000004 (Split System AC 24000 BTU) en zona común. Prueba de frío/calor OK.",null
9,13,76,"2024-01-20","instalacion","Instalación de sensor puerta/ventana AC000076 (Door/Window Sensor Wireless) en puerta trasera. Emparejado con hub.",null
10,14,137,"2023-07-01","instalacion","Instalación de esterilizador aire UV-C AC000137 (UV-C Air Sterilizer Duct Mount) en conducto de impulsión.",null
1,15,102,"2024-02-10","instalacion","Instalación de termo eléctrico AC000102 (Electric Water Heater 100L). Ubicación y conexiones.",null
2,16,55,"2023-09-05","instalacion","Instalación de inversor solar AC000055 (Solar Inverter 10kW Three Phase) para sistema comercial. Conexión a red trifásica.",null
3,17,89,"2024-01-20","instalacion","Instalación de controlador de habitación AC000089 (Room Controller Fan Coil) en Habitación 3.",null
4,18,40,"2021-05-22","instalacion","Instalación de radiador de aluminio AC000040 (Aluminum Radiator 500x800mm) en baño. Purgado.",null
5,19,116,"2022-08-14","instalacion","Instalación de válvula antirretorno AC000116 (Non-Return Valve 3/4 inch) a la salida de la bomba de ACS.",null
6,20,67,"2023-09-05","instalacion","Instalación de interruptor seccionador CC AC000067 (Solar DC Isolator Switch 32A) en caja combinador DC.",null
7,21,6,"2023-06-21","instalacion","Instalación de AC de ventana AC000006 (Window AC Unit 8000 BTU) en dormitorio pequeño. Sellado.",null
8,22,37,"2023-04-11","instalacion","Instalación de caldera de pellets AC000037 (Pellet Boiler 25kW). Montaje de tolva y conexión a chimenea.",null
9,23,77,"2024-01-20","instalacion","Instalación de sensor de fugas de agua AC000077 (Water Leak Sensor) bajo fregadero. Prueba de alarma.",null
10,24,129,"2023-07-01","instalacion","Instalación de compuerta antirretorno AC000129 (Backdraft Damper 200mm) en conducto de extracción.",null
1,25,109,"2021-09-01","instalacion","Instalación de vaso de expansión AC000109 (Expansion Tank 18L Heating) en circuito de calefacción.",null
2,26,52,"2023-08-20","instalacion","Instalación de panel solar AC000052 (Polycrystalline Solar Panel 350W). 4 unidades instaladas en tejado.",null
3,27,9,"2022-03-17","instalacion","Instalación de multi-zona sin ductos AC000009 (Multi-Zone Ductless AC 27000 BTU). Unidad exterior.",null
4,28,93,"2024-01-20","instalacion","Instalación de sensor de presión diferencial AC000093 (Differential Pressure Sensor) en unidad de tratamiento de aire (UTA).",null
5,29,45,"2023-05-15","instalacion","Instalación de calentador de agua eléctrico instantáneo AC000045 (Instant Electric Water Heater 9kW). Conexión a red eléctrica.",null
6,30,138,"2023-07-01","instalacion","Instalación de ventilador para campana de cocina AC000138 (Kitchen Hood Fan). Conexión a red de extracción.",null
7,31,61,"2023-09-05","instalacion","Instalación de cable solar AC000061 (Solar Cable 4mm² Red). Tendido y fijación.",null
8,32,14,"2024-03-15","instalacion","Instalación de split inverter AC000014 (Inverter Split AC 12000 BTU) en salón secundario. Prueba de climatización.",null
9,33,110,"2022-08-14","instalacion","Instalación de vaso de expansión AC000110 (Expansion Tank 24L Potable Water) en red de agua potable.",null
10,34,84,"2024-01-20","instalacion","Instalación de fuente de alimentación KNX AC000084 (KNX Power Supply 640mA). Conexión a bus KNX.",null
1,35,34,"2021-05-22","instalacion","Instalación de radiador toallero cromado AC000034 (Chrome Towel Radiator 500x1200mm) en baño. Purgado.",null
2,36,123,"2023-07-01","instalacion","Instalación de ventilador axial AC000123 (Axial Fan 200mm) en muro. Conexión eléctrica.",null
3,37,58,"2023-09-05","instalacion","Instalación de regulador de carga solar AC000058 (Solar Charge Controller 60A MPPT). Conexión a paneles y batería.",null
4,38,99,"2024-01-25","instalacion","Instalación de actuador de válvula AC000099 (Valve Actuator On/Off DN15). Conexión a válvula de zona.",null
5,39,48,"2022-10-22","instalacion","Instalación de acumulador hidrónico AC000048 (Buffer Tank 500L) para sistema de calefacción. Aislamiento comprobado.",null
6,40,145,"2023-02-28","instalacion","Instalación de aislamiento de tubería AC000145 (Pipe Insulation Foam 22mm). Tramo de 30m aislado.",null
7,41,19,"2023-05-30","instalacion","Instalación de unidad interior mini-split AC000019 (Mini-Split Indoor Unit 18000 BTU) en estudio. Conectada a unidad exterior AC000008.",null
8,42,74,"2024-01-20","instalacion","Instalación de detector de humo AC000074 (Smoke Detector Wireless) en hall. Emparejado con hub de alarma.",null
9,43,130,"2023-07-01","instalacion","Instalación de rejilla de aire AC000130 (Air Grille Supply 300x300) en falso techo.",null
10,44,113,"2022-08-14","instalacion","Instalación de válvula mezcladora termostática AC000113 (Mixing Valve Thermostatic 3-Way). Ajuste de temperatura de salida.",null
1,45,64,"2023-09-05","instalacion","Instalación de optimizador Solar Edge AC000064 (Solar Edge Optimizer P405) en panel solar AC000051 (ID 5).",null
2,46,7,"2023-06-21","instalacion","Entrega y puesta en marcha de AC portátil AC000007 (Portable AC Unit 10000 BTU). Explicación de uso al cliente.",null
3,1,29,"2021-10-01","instalacion","Instalación de caldera eléctrica AC000029 (Electric Boiler 12kW). Conexión trifásica.",null
4,2,79,"2024-01-20","instalacion","Instalación de sensor de caudal AC000079 (Flow Sensor Water 1/2 inch) en línea de agua fría.",null
5,3,142,"2023-02-28","instalacion","Instalación de tubería PEX AC000142 (PEX Pipe 20mm) para red de fontanería. Trazado y fijaciones.",null
6,4,104,"2023-05-15","instalacion","Instalación de calentador de agua a gas instantáneo AC000104 (Gas Water Heater Tankless 18L/min). Conexiones.",null
7,5,68,"2023-09-05","instalacion","Instalación de interruptor seccionador CA AC000068 (Solar AC Isolator Switch 40A) en circuito de salida de inversor.",null
8,6,17,"2024-03-15","instalacion","Instalación de unidad interior mini-split AC000017 (Mini-Split Indoor Unit 9000 BTU) en estudio. Conectada a multi-zona.",null
9,7,94,"2024-01-30","instalacion","Instalación de interruptor de caudal AC000094 (Flow Switch Air) en conducto de ventilación. Prueba de conmutación.",null
10,8,49,"2021-05-22","instalacion","Instalación de bomba de calor baja temperatura AC000049 (Low Temperature Heat Pump 8kW). Conexión a sistema suelo radiante.",null
1,9,124,"2023-07-01","instalacion","Instalación de ventilador centrífugo en línea AC000124 (Centrifugal Fan Inline 150mm) en conducto.",null
2,10,115,"2022-08-14","instalacion","Instalación de válvula de compuerta AC000115 (Gate Valve 1 inch) en bypass de sistema hidrónico.",null
3,11,50,"2023-08-20","instalacion","Instalación de colector solar térmico AC000050 (Solar Thermal Collector Flat Plate). Dos unidades instaladas.",null
4,12,8,"2022-03-17","instalacion","Instalación de unidad exterior multi-zona AC000008 (Multi-Zone Ductless AC 18000 BTU). Conexión a 2 unidades interiores.",null
5,13,81,"2024-01-20","instalacion","Instalación de sensor de nivel AC000081 (Level Sensor Ultrasonic) en depósito de agua de lluvia.",null
6,14,139,"2023-07-01","instalacion","Instalación de extractor de baño AC000139 (Bathroom Exhaust Fan 100mm). Conexión a conducto de extracción.",null
7,15,105,"2021-09-01","mantenimiento","Mantenimiento preventivo anual bomba circuladora AC000105. Limpieza y lubricación.",null
8,16,16,"2023-03-10","mantenimiento","Mantenimiento preventivo split inverter AC000016. Limpieza de filtros y serpentines.",null
9,17,17,"2024-01-20","mantenimiento","Revisión de filtros en VRC AC000121. Limpieza/sustitución si es necesario.",null
10,18,18,"2024-02-15","mantenimiento","Lectura de datos del medidor de energía AC000090.",null
1,19,19,"2024-03-01","mantenimiento","Inspección visual de acumulador de ACS AC000044.",null
2,20,20,"2024-04-10","mantenimiento","Limpieza de filtros de PTAC AC000020.",null
3,21,21,"2024-05-20","mantenimiento","Mantenimiento preventivo split AC000001. Limpieza.",null
4,22,22,"2024-06-01","mantenimiento","Servicio técnico anual de caldera AC000027.",null
5,23,23,"2024-07-15","mantenimiento","Prueba de funcionamiento de sensor de movimiento AC000075.",null
6,24,24,"2024-08-01","mantenimiento","Monitorización del estado de la batería solar AC000057.",null
7,25,25,"2024-09-10","mantenimiento","Revisión periódica de bomba circuladora AC000105.",null
8,26,26,"2024-10-20","mantenimiento","Mantenimiento de unidad exterior AC central AC000010.",null
9,27,27,"2024-11-01","mantenimiento","Prueba de detección de detector de presencia AC000098.",null
10,28,28,"2024-12-15","mantenimiento","Inspección general de termo bomba de calor ACS AC000046.",null
1,29,29,"2025-01-20","mantenimiento","Inspección visual de tubería PEX AC000035.",null
2,30,30,"2025-02-01","mantenimiento","Revisión de fijaciones en kit de montaje solar AC000059.",null
3,31,31,"2025-03-15","mantenimiento","Limpieza de filtros de AC de ventana AC000005.",null
4,32,32,"2025-04-01","mantenimiento","Mantenimiento preventivo caldera mixta AC000039.",null
5,33,33,"2025-05-10","mantenimiento","Verificación de calibración de termostato digital AC000072.",null
6,34,34,"2025-06-20","mantenimiento","Inspección visual de conductos flexibles AC000125.",null
7,35,35,"2025-07-01","mantenimiento","Verificación de cierre de válvula de radiador AC000148.",null
8,36,36,"2025-08-15","mantenimiento","Mantenimiento preventivo split inverter AC000013.",null
9,37,37,"2025-09-01","mantenimiento","Lectura de datos de medidor de energía trifásico AC000091.",null
10,38,38,"2025-10-10","mantenimiento","Limpieza de filtro magnético AC000119.",null
1,39,39,"2025-11-20","mantenimiento","Inspección visual de sistema de montaje en suelo solar AC000066.",null
2,40,40,"2025-12-01","mantenimiento","Limpieza de PTAC AC000020.",null
3,41,41,"2026-01-15","mantenimiento","Mantenimiento preventivo bomba de calor AC000031 (unidad exterior).",null
4,42,42,"2026-02-01","mantenimiento","Recalibración de sensor de presión AC000080.",null
5,43,43,"2026-03-10","mantenimiento","Limpieza de deshumidificador AC000134.",null
6,44,44,"2026-04-20","mantenimiento","Prueba de funcionamiento de bomba presurizadora AC000108.",null
7,45,45,"2026-05-01","mantenimiento","Monitorización de rendimiento de inversor híbrido AC000056.",null
8,46,46,"2026-06-15","mantenimiento","Mantenimiento preventivo split AC000002.",null
9,1,28,"2026-07-01","mantenimiento","Servicio técnico caldera gasóleo AC000028.",null
10,2,73,"2026-08-10","mantenimiento","Verificación de alarma de detector de CO AC000073.",null
1,3,141,"2026-09-20","mantenimiento","Inspección visual de tubería de cobre AC000141.",null
2,4,103,"2026-10-01","mantenimiento","Revisión de calentador de gas instantáneo AC000103.",null
3,5,60,"2026-11-15","mantenimiento","Inspección de kit de montaje solar AC000060.",null
4,6,16,"2026-12-01","mantenimiento","Mantenimiento preventivo split inverter AC000016.",null
5,7,92,"2027-01-10","mantenimiento","Descarga de datos de registrador AC000092.",null
6,8,47,"2027-02-20","mantenimiento","Limpieza de radiador zócalo AC000047.",null
7,9,122,"2027-03-01","mantenimiento","Limpieza de filtros en VREC AC000122.",null
8,10,114,"2027-04-15","mantenimiento","Verificación de estanqueidad de válvula bola AC000114.",null
9,11,53,"2027-05-01","mantenimiento","Limpieza de panel solar flexible AC000053.",null
10,12,4,"2027-06-10","mantenimiento","Mantenimiento preventivo split AC000004.",null
1,13,76,"2027-07-20","mantenimiento","Cambio de batería en sensor puerta/ventana AC000076.",null
2,14,137,"2027-08-01","mantenimiento","Verificación de lámpara UV-C AC000137.",null
3,15,102,"2027-09-15","mantenimiento","Revisión de termo eléctrico AC000102.",null
4,16,55,"2027-10-01","mantenimiento","Revisión de inversor solar trifásico AC000055.",null
5,17,89,"2027-11-10","mantenimiento","Verificación de actuador fan coil AC000089.",null
6,18,40,"2027-12-20","mantenimiento","Limpieza de radiador de aluminio AC000040.",null
7,19,116,"2028-01-01","mantenimiento","Verificación de cierre de válvula antirretorno AC000116.",null
8,20,67,"2028-02-15","mantenimiento","Inspección visual de interruptor seccionador CC AC000067.",null
9,21,6,"2024-07-01","retirada","Retirada física de unidad AC000006. Trasladada a almacén para gestión de residuos.",null
10,22,37,"2024-05-01","mantenimiento","Mantenimiento programado caldera pellets AC000037. Limpieza de cenicero y revisión de sinfín.",null
1,23,77,"2024-06-15","mantenimiento","Prueba periódica de sensor de fugas de agua AC000077. Funcionamiento OK.",null
2,24,129,"2024-07-01","mantenimiento","Inspección visual de compuerta antirretorno AC000129.",null
3,25,109,"2024-08-15","mantenimiento","Verificación de presión de vaso de expansión AC000109. Relleno a 1.5 bar.",null
4,26,52,"2024-09-01","mantenimiento","Limpieza de paneles solares AC000052 (4 unidades).",null
5,27,9,"2024-10-15","mantenimiento","Mantenimiento preventivo multi-zona AC000009 (unidad exterior y 3 interiores). Limpieza de filtros.",null
6,28,93,"2024-11-01","mantenimiento","Recalibración de sensor de presión diferencial AC000093.",null
7,29,45,"2024-12-15","mantenimiento","Revisión de calentador eléctrico instantáneo AC000045. Verificación de elementos calefactores.",null
8,30,138,"2025-01-01","mantenimiento","Limpieza de ventilador para campana de cocina AC000138.",null
9,31,61,"2025-02-15","mantenimiento","Inspección visual de cable solar AC000061. No se aprecian daños UV.",null
10,32,14,"2025-03-01","mantenimiento","Mantenimiento preventivo split inverter AC000014. Limpieza y revisión de carga.",null
1,33,110,"2025-04-15","mantenimiento","Verificación de presión de vaso de expansión AC000110.",null
2,34,84,"2025-05-01","mantenimiento","Verificación de funcionamiento de fuente KNX AC000084.",null
3,35,34,"2025-06-15","mantenimiento","Limpieza de radiador toallero AC000034.",null
4,36,123,"2025-07-01","mantenimiento","Limpieza de ventilador axial AC000123.",null
5,37,58,"2025-08-15","mantenimiento","Monitorización de regulador de carga solar AC000058.",null
6,38,99,"2025-09-01","mantenimiento","Verificación de funcionamiento de actuador de válvula AC000099.",null
7,39,48,"2025-10-15","mantenimiento","Inspección visual de acumulador hidrónico AC000048. No se aprecian fugas.",null
8,40,145,"2025-11-01","mantenimiento","Inspección de aislamiento de tubería AC000145.",null
9,41,19,"2025-12-15","mantenimiento","Limpieza de unidad interior mini-split AC000019.",null
10,42,74,"2026-01-01","mantenimiento","Cambio de batería en detector de humo AC000074.",null
1,43,130,"2026-02-15","mantenimiento","Limpieza de rejilla de aire AC000130.",null
2,44,113,"2026-03-01","mantenimiento","Verificación de temperatura de salida de válvula mezcladora AC000113.",null
3,45,64,"2026-04-15","mantenimiento","Monitorización de rendimiento de optimizador Solar Edge AC000064.",null
4,46,7,"2026-05-01","mantenimiento","Limpieza de filtros de AC portátil AC000007.",null
5,1,29,"2026-06-15","mantenimiento","Revisión de caldera eléctrica AC000029.",null
6,2,79,"2026-07-01","mantenimiento","Verificación de mediciones de sensor de caudal AC000079.",null
7,3,142,"2026-08-15","mantenimiento","Inspección visual de tubería PEX AC000142.",null
8,4,104,"2026-09-01","mantenimiento","Revisión de calentador de gas instantáneo AC000104.",null
9,5,68,"2026-10-15","mantenimiento","Inspección visual de interruptor seccionador CA AC000068.",null
10,6,17,"2026-11-01","mantenimiento","Limpieza de unidad interior mini-split AC000017.",null
1,7,94,"2026-12-15","mantenimiento","Prueba de funcionamiento de interruptor de caudal AC000094.",null
2,8,49,"2027-01-01","mantenimiento","Revisión de bomba de calor baja temperatura AC000049.",null
3,9,124,"2027-02-15","mantenimiento","Limpieza de ventilador centrífugo en línea AC000124.",null
4,10,115,"2027-03-01","mantenimiento","Verificación de cierre de válvula de compuerta AC000115.",null
5,11,50,"2027-04-15","mantenimiento","Limpieza de colectores solares térmicos AC000050.",null
6,12,8,"2027-05-01","mantenimiento","Mantenimiento preventivo multi-zona AC000008 (unidad exterior).",null
7,13,81,"2027-06-15","mantenimiento","Verificación de mediciones de sensor de nivel AC000081.",null
8,14,139,"2027-07-01","mantenimiento","Limpieza de extractor de baño AC000139.",null
9,15,105,"2027-08-15","mantenimiento","Revisión de bomba circuladora AC000105.",null
10,16,54,"2027-09-01","mantenimiento","Revisión de inversor solar AC000054.",null
1,17,95,"2027-10-15","mantenimiento","Prueba de funcionamiento de termostato protección antihielo AC000095.",null
2,18,41,"2027-11-01","mantenimiento","Limpieza de caldera de leña AC000041.",null
3,19,117,"2027-12-15","mantenimiento","Limpieza de separador de suciedad AC000117.",null
4,20,69,"2028-01-01","mantenimiento","Inspección visual de malla protección aves AC000069.",null
5,21,3,"2028-02-15","mantenimiento","Mantenimiento preventivo split AC000003.",null
6,22,38,"2028-03-01","mantenimiento","Revisión de bomba de calor aire-agua AC000038.",null
7,23,82,"2028-04-15","mantenimiento","Verificación de mediciones de sensor de luz AC000082.",null
8,24,135,"2028-05-01","mantenimiento","Limpieza de humidificador AC000135.",null
9,25,111,"2028-06-15","mantenimiento","Verificación de presión de salida de válvula reductora AC000111.",null
10,26,57,"2028-07-01","mantenimiento","Monitorización de estado de batería solar AC000057.",null
1,27,1,"2028-08-15","mantenimiento","Mantenimiento preventivo split AC000001.",null
2,28,26,"2028-09-01","mantenimiento","Servicio técnico caldera gas AC000026.",null
3,29,71,"2028-10-15","mantenimiento","Revisión de conexión y configuración de termostato inteligente AC000071.",null
4,30,133,"2028-11-01","mantenimiento","Cambio de filtros de purificador de aire AC000133.",null
5,31,101,"2028-12-15","mantenimiento","Revisión de termo eléctrico AC000101.",null
6,32,51,"2029-01-01","mantenimiento","Inspección visual de panel solar AC000051.",null
7,33,88,"2029-02-15","mantenimiento","Verificación de funcionamiento de actuador AC000088.",null
8,34,112,"2029-03-01","mantenimiento","Prueba de funcionamiento de válvula de seguridad AC000112.",null
9,35,5,"2029-04-15","mantenimiento","Mantenimiento preventivo AC ventana AC000005.",null
10,36,42,"2029-05-01","mantenimiento","Mantenimiento preventivo AC comercial tejado AC000042.",null
1,37,78,"2029-06-15","mantenimiento","Recalibración de sensor de temperatura y humedad AC000078.",null
2,38,121,"2029-07-01","mantenimiento","Limpieza de VRC AC000121.",null
3,39,90,"2029-08-15","mantenimiento","Lectura de datos de medidor de energía AC000090.",null
4,40,44,"2029-09-01","mantenimiento","Inspección visual de acumulador de ACS AC000044.",null
5,41,63,"2029-10-15","mantenimiento","Inspección visual de conectores MC4 AC000063.",null
6,42,15,"2029-11-01","mantenimiento","Mantenimiento preventivo split inverter AC000015.",null
7,43,27,"2029-12-15","mantenimiento","Servicio técnico caldera gas AC000027.",null
8,44,75,"2030-01-01","mantenimiento","Prueba de funcionamiento de sensor de movimiento AC000075.",null
9,45,57,"2030-02-15","mantenimiento","Monitorización de estado de batería solar AC000057.",null
10,46,105,"2030-03-01","mantenimiento","Revisión de bomba circuladora AC000105.",null
1,1,1,"2024-06-10","mantenimiento","Mantenimiento post-garantía split AC000015. Limpieza.",null
2,2,2,"2024-06-15","mantenimiento","Inspección unidad comercial AC000042. Sin incidencias.",null
3,3,3,"2024-06-20","mantenimiento","Verificación periódica actuador AC000088.",null
4,4,4,"2024-06-25","mantenimiento","Prueba funcionamiento válvula seguridad AC000112.",null
5,5,5,"2024-07-01","mantenimiento","Limpieza paneles solares AC000051. Mejora rendimiento.",null
6,6,6,"2024-06-12","mantenimiento","Revisión estival split AC000003. Filtros ok.",null
7,7,7,"2024-06-18","mantenimiento","Verificación conexión cloud termostato AC000071.",null
8,8,8,"2024-06-24","mantenimiento","Comprobación calidad aire purificador AC000133.",null
9,9,9,"2024-06-30","mantenimiento","Inspección caldera gas AC000026. Preparación temporada.",null
10,10,10,"2024-07-05","mantenimiento","Revisión general bomba de calor AC000030.",null
1,11,11,"2024-06-14","mantenimiento","Limpieza unidad interior AC000018.",null
2,12,12,"2024-06-20","mantenimiento","Inspección termo eléctrico AC000101.",null
3,13,13,"2024-06-26","mantenimiento","Verificación producción inversor solar AC000054.",null
4,14,14,"2024-07-01","mantenimiento","Registro datos sensor T/H AC000078.",null
5,15,15,"2024-06-16","mantenimiento","Inspección unidad exterior multi-zona AC000008.",null
6,16,16,"2024-06-22","mantenimiento","Purga radiador AC000033.",null
7,17,17,"2024-06-28","mantenimiento","Limpieza filtros VRC AC000121.",null
8,18,18,"2024-07-03","mantenimiento","Lectura medidor energía AC000090.",null
9,19,19,"2024-06-19","mantenimiento","Inspección acumulador ACS AC000044.",null
10,20,20,"2024-06-25","mantenimiento","Revisión visual conectores MC4 AC000063.",null
1,21,21,"2024-06-10","mantenimiento","Mantenimiento split AC000001.",null
2,22,22,"2024-06-15","mantenimiento","Revisión caldera AC000027.",null
3,23,23,"2024-06-20","mantenimiento","Prueba sensor movimiento AC000075.",null
4,24,24,"2024-06-25","mantenimiento","Estado carga batería solar AC000057.",null
5,25,25,"2024-06-30","mantenimiento","Inspección bomba circuladora AC000105.",null
6,26,26,"2024-07-05","mantenimiento","Mantenimiento AC central ductos AC000010 (filtros).",null
7,27,27,"2024-06-12","mantenimiento","Prueba detector presencia AC000098.",null
8,28,28,"2024-06-18","mantenimiento","Revisión termo bomba calor ACS AC000046.",null
9,29,29,"2024-06-24","mantenimiento","Inspección visual tubería suelo radiante AC000035.",null
10,30,30,"2024-06-30","mantenimiento","Revisión kit montaje solar AC000059.",null
1,31,31,"2024-07-01","mantenimiento","Limpieza AC ventana AC000005.",null
2,32,32,"2024-06-14","mantenimiento","Mantenimiento caldera mixta AC000039.",null
3,33,33,"2024-06-20","mantenimiento","Verificación termostato digital AC000072.",null
4,34,34,"2024-06-26","mantenimiento","Inspección conductos flexibles AC000125.",null
5,35,35,"2024-07-01","mantenimiento","Verificación válvula radiador AC000148.",null
6,36,36,"2024-06-16","mantenimiento","Mantenimiento split inverter AC000013.",null
7,37,37,"2024-06-22","mantenimiento","Verificación medidor energía trifásico AC000091.",null
8,38,38,"2024-06-28","mantenimiento","Limpieza filtro magnético AC000119.",null
9,39,39,"2024-07-03","mantenimiento","Inspección sistema montaje suelo AC000066.",null
10,40,40,"2024-06-19","mantenimiento","Mantenimiento PTAC AC000020.",null
1,41,41,"2024-06-25","reparacion","Presupuesto sustitución compresor AC000031.",null
2,42,42,"2024-07-01","mantenimiento","Lectura datos sensor presión AC000080.",null
3,43,43,"2024-06-10","mantenimiento","Limpieza depósito deshumidificador AC000134.",null
4,44,44,"2024-06-15","mantenimiento","Prueba bomba presurizadora AC000108.",null
5,45,45,"2024-06-20","mantenimiento","Monitorización inversor híbrido AC000056.",null
6,46,46,"2024-06-25","mantenimiento","Mantenimiento split AC000002.",null
7,1,28,"2024-06-30","mantenimiento","Revisión caldera gasóleo AC000028.",null
8,2,73,"2024-07-01","mantenimiento","Verificación sensor CO AC000073.",null
9,3,141,"2024-07-02","mantenimiento","Inspección tubería cobre AC000141.",null
10,4,103,"2024-07-03","mantenimiento","Revisión calentador gas instantáneo AC000103.",null
1,5,60,"2024-07-04","mantenimiento","Inspección montaje plano solar AC000060.",null
2,6,16,"2024-07-05","mantenimiento","Mantenimiento split inverter AC000016.",null
3,7,92,"2024-07-08","mantenimiento","Descarga datos registrador AC000092.",null
4,8,47,"2024-07-10","mantenimiento","Limpieza radiador zócalo AC000047.",null
5,9,122,"2024-07-12","mantenimiento","Limpieza filtros VREC AC000122.",null
6,10,114,"2024-07-15","mantenimiento","Verificación válvula bola AC000114.",null
7,11,53,"2024-07-18","mantenimiento","Limpieza panel flexible AC000053.",null
8,12,4,"2024-07-20","mantenimiento","Mantenimiento split AC000004.",null
9,13,76,"2024-07-22","mantenimiento","Cambio batería sensor puerta/ventana AC000076.",null
10,14,137,"2024-07-25","mantenimiento","Revisión esterilizador aire UV-C AC000137.",null
1,15,102,"2024-07-28","mantenimiento","Revisión termo eléctrico AC000102.",null
2,16,55,"2024-07-30","mantenimiento","Revisión inversor solar trifásico AC000055.",null
3,17,89,"2024-08-01","mantenimiento","Verificación actuador fan coil AC000089.",null
4,18,40,"2024-08-05","mantenimiento","Limpieza radiador aluminio AC000040.",null
5,19,116,"2024-08-08","mantenimiento","Verificación válvula antirretorno AC000116.",null
6,20,67,"2024-08-10","mantenimiento","Inspección seccionador CC AC000067.",null
7,21,6,"2024-07-01","reparacion","AC ventana AC000006 bajo rendimiento. Se decide sustituir (ya marcado como retirado).",null
8,22,37,"2024-08-12","mantenimiento","Servicio caldera pellets AC000037.",null
9,23,77,"2024-08-15","mantenimiento","Prueba alarma sensor fuga agua AC000077.",null
10,24,129,"2024-08-18","mantenimiento","Verificación compuerta antirretorno AC000129.",null
1,25,109,"2024-08-20","mantenimiento","Verificación vaso expansión calefacción AC000109.",null
2,26,52,"2024-08-22","mantenimiento","Limpieza panel solar AC000052.",null
3,27,9,"2024-08-25","mantenimiento","Mantenimiento multi-zona AC000009.",null
4,28,93,"2024-08-28","mantenimiento","Recalibración sensor presión diferencial AC000093.",null
5,29,45,"2024-09-01","mantenimiento","Revisión calentador eléctrico instantáneo AC000045.",null
6,30,138,"2024-09-05","mantenimiento","Limpieza ventilador campana cocina AC000138.",null
7,31,61,"2024-09-08","mantenimiento","Inspección cable solar AC000061.",null
8,32,14,"2024-09-10","mantenimiento","Mantenimiento split inverter AC000014.",null
9,33,110,"2024-09-12","mantenimiento","Verificación vaso expansión agua potable AC000110.",null
10,34,84,"2024-09-15","mantenimiento","Verificación fuente KNX AC000084.",null
1,35,34,"2024-09-18","mantenimiento","Limpieza radiador toallero AC000034.",null
2,36,123,"2024-09-20","mantenimiento","Limpieza ventilador axial AC000123.",null
3,37,58,"2024-09-22","mantenimiento","Monitorización regulador carga MPPT AC000058.",null
4,38,99,"2024-09-25","mantenimiento","Verificación actuador válvula AC000099.",null
5,39,48,"2024-09-28","mantenimiento","Inspección acumulador hidrónico AC000048.",null
6,40,145,"2024-10-01","mantenimiento","Inspección aislamiento tubería AC000145.",null
7,41,19,"2024-10-05","mantenimiento","Limpieza unidad interior mini-split AC00019.",null
8,42,74,"2024-10-08","mantenimiento","Cambio batería detector humo AC000074.",null
9,43,130,"2024-10-10","mantenimiento","Limpieza rejilla impulsión AC000130.",null
10,44,113,"2024-10-12","mantenimiento","Verificación válvula mezcladora AC000113.",null
1,45,64,"2024-10-15","mantenimiento","Monitorización optimizador Solar Edge AC000064.",null
2,46,7,"2024-10-18","mantenimiento","Limpieza AC portátil AC000007.",null
3,1,29,"2024-10-20","mantenimiento","Revisión caldera eléctrica AC000029.",null
4,2,79,"2024-10-22","mantenimiento","Verificación sensor caudal agua AC000079.",null
5,3,142,"2024-10-25","mantenimiento","Inspección tubería PEX AC000142.",null
6,4,104,"2024-10-28","mantenimiento","Revisión calentador gas instantáneo AC000104.",null
7,5,68,"2024-11-01","mantenimiento","Inspección seccionador CA AC000068.",null
8,6,17,"2024-11-05","mantenimiento","Limpieza unidad interior mini-split AC000017.",null
9,7,94,"2024-11-08","mantenimiento","Prueba interruptor caudal aire AC000094.",null
10,8,49,"2024-11-10","mantenimiento","Revisión bomba calor baja temperatura AC000049.",null
1,9,124,"2024-11-12","mantenimiento","Limpieza ventilador centrífugo AC000124.",null
2,10,115,"2024-11-15","mantenimiento","Verificación válvula compuerta AC000115.",null
3,11,50,"2024-11-18","mantenimiento","Limpieza colector solar térmico AC000050.",null
4,12,8,"2024-11-20","mantenimiento","Mantenimiento unidad exterior multi-zona AC000008.",null
5,13,81,"2024-11-22","mantenimiento","Verificación sensor nivel ultrasónico AC000081.",null
6,14,139,"2024-11-25","mantenimiento","Limpieza extractor baño AC000139.",null
7,15,105,"2024-11-28","mantenimiento","Revisión bomba circuladora AC000105.",null
8,16,54,"2024-12-01","mantenimiento","Revisión inversor solar AC000054.",null
9,17,95,"2024-12-05","mantenimiento","Prueba termostato protección antihielo AC000095.",null
10,18,41,"2024-12-08","mantenimiento","Limpieza caldera leña AC000041.",null
1,19,117,"2024-12-10","mantenimiento","Limpieza separador suciedad AC000117.",null
2,20,69,"2024-12-12","mantenimiento","Inspección malla protección aves AC000069.",null
3,21,3,"2024-12-15","mantenimiento","Mantenimiento split AC000003.",null
4,22,38,"2024-12-18","mantenimiento","Revisión bomba calor aire-agua AC000038.",null
5,23,82,"2024-12-20","mantenimiento","Verificación sensor luz AC000082.",null
6,24,135,"2024-12-22","mantenimiento","Limpieza humidificador AC000135.",null
7,25,111,"2024-12-25","mantenimiento","Verificación válvula reductora presión AC000111.",null
8,26,57,"2024-12-28","mantenimiento","Revisión batería solar AC000057.",null
9,27,1,"2024-12-30","mantenimiento","Mantenimiento split AC000001.",null
10,28,26,"2024-12-31","mantenimiento","Revisión caldera gas AC000026.",null
1,29,71,"2024-05-01","reparacion","Termostato AC000071 pierde conexión WiFi. Reinicio y reconfiguración. Funcionando.",null
2,30,133,"2024-06-01","reparacion","Ruido en ventilador purificador AC000133. Se ajusta motor. Ruido reducido.",null
3,31,101,"2024-07-01","reparacion","Fuga leve en termo eléctrico AC000101. Se aprieta conexión. Fuga detenida.",null
4,32,51,"2024-08-01","reparacion","Panel solar AC000051 sucio afecta rendimiento. Se limpia. Producción mejorada.","http://example.com/docs/report_AC000051_20240801.pdf"
5,33,88,"2024-09-01","reparacion","Actuador AC000088 no cierra completamente. Se recalibra. Funciona correctamente.",null
6,34,112,"2024-10-01","reparacion","Válvula seguridad AC000112 gotea. Se sustituye junta. No gotea.",null
7,35,5,"2024-11-01","reparacion","AC ventana AC000005 no enfría. Fuga de refrigerante. Carga de gas y reparación de fuga. Equipo enfría.",null
8,36,42,"2024-12-01","reparacion","Fallo en compresor unidad AC000042. Requiere sustitución. Presupuesto enviado.",null
9,37,78,"2024-05-10","reparacion","Sensor AC000078 marca valores erróneos. Se sustituye. Valores correctos.",null
10,38,121,"2024-06-10","reparacion","Motor ventilador VRC AC000121 con ruido. Se sustituye motor. Ruido eliminado.",null
1,39,90,"2024-07-10","reparacion","Medidor energía AC000090 no reporta datos. Se revisa cableado Modbus. Comunicación restablecida.",null
2,40,44,"2024-08-10","reparacion","Válvula retención acumulador ACS AC000044 falla. Se sustituye. Válvula funciona OK.",null
3,41,63,"2024-09-10","reparacion","Conector MC4 AC000063 quemado. Se sustituye conector y sección de cable. Conexión segura.",null
4,42,15,"2024-10-10","reparacion","Unidad interior AC000015 gotea. Limpieza de bandeja de condensados y desagüe. Fuga resuelta.",null
5,43,27,"2024-11-10","reparacion","Error encendido caldera gas AC000027. Se limpia electrodo de ionización. Encendido correcto.",null
6,44,75,"2024-12-10","reparacion","Sensor movimiento AC000075 falsas alarmas. Se ajusta sensibilidad. Falsas alarmas eliminadas.",null
7,45,57,"2024-05-20","reparacion","Batería solar AC000057 bajo rendimiento. Se equilibran celdas. Rendimiento mejorado.",null
8,46,105,"2024-06-20","reparacion","Bomba circuladora AC000105 bloqueada. Se desatasca y lubrica. Bomba operativa.",null
9,1,10,"2024-07-20","reparacion","Motor ventilador unidad exterior AC000010 ruido. Sustitución. Ruido eliminado.",null
10,2,98,"2024-08-20","reparacion","Detector presencia AC000098 no detecta. Se revisa alimentación. Funcionamiento OK.",null
1,3,46,"2024-09-20","reparacion","Ruido bomba calor ACS AC000046. Se revisan anclajes. Ruido reducido.",null
2,4,35,"2024-10-20","reparacion","Fuga en conexión tubería suelo radiante AC000035. Se repara. Fuga sellada.",null
3,5,59,"2024-11-20","reparacion","Daño por viento en kit montaje solar AC000059. Se refuerza estructura. Estructura firme.",null
4,7,37,"2024-12-20","reparacion","Error en sinfín caldera pellets AC000037. Se desatasca. Alimentación pellets correcta.",null
5,9,122,"2024-05-30","reparacion","Motor ventilador VREC AC000122 ruidoso. Sustitución. Ruido eliminado.",null
6,11,53,"2024-07-18","reparacion","Panel flexible AC000053 despegado. Se vuelve a fijar con adhesivo más fuerte. Fijación segura.",null
7,13,76,"2024-07-22","reparacion","Sensor puerta/ventana AC000076 no comunica. Reseteo y emparejamiento. Comunicación OK.",null
8,14,137,"2024-07-25","reparacion","Lámpara UV-C AC000137 fundida. Se sustituye lámpara. Esterilizador operativo.",null
9,16,55,"2024-07-30","reparacion","Error comunicación inversor solar AC000055. Se revisa cableado RS485. Comunicación restablecida.",null
10,17,89,"2024-08-01","reparacion","Actuador fan coil AC000089 no responde. Se sustituye actuador. Actuador operativo.",null
1,19,116,"2024-08-08","reparacion","Válvula antirretorno AC000116 no cierra bien. Se despieza y limpia. Cierre correcto.",null
2,22,38,"2024-08-12","reparacion","Presión baja circuito primario bomba calor AC000038. Se busca y repara fuga. Presión estable.",null
3,24,129,"2024-08-18","reparacion","Compuerta antirretorno AC000129 atascada. Se limpia y libera. Movimiento fluido.",null
4,25,109,"2024-08-20","reparacion","Membrana vaso expansión AC000109 dañada. Se sustituye vaso. Presión estable.",null
5,27,9,"2024-08-25","reparacion","Unidad interior AC000009 ruidosa. Se revisa turbina. Ruido reducido.",null
6,28,93,"2024-08-28","reparacion","Sensor presión diferencial AC000093 error lectura. Se verifica conexión a tubos. Lectura correcta.",null
7,30,138,"2024-09-05","reparacion","Motor extractor campana AC000138 falla. Sustitución de motor. Extractor operativo.",null
8,32,14,"2024-09-10","reparacion","Unidad exterior AC000014 con vibraciones. Se revisan silentblocks. Vibraciones reducidas.",null
9,33,110,"2024-09-12","reparacion","Vaso expansión agua potable AC000110 pierde aire. Se verifica válvula Schrader. Válvula OK.",null
10,35,34,"2024-09-18","reparacion","Radiador toallero AC000034 pierde agua por conexión. Se aprieta tuerca. Fuga sellada.",null
1,36,123,"2024-09-20","reparacion","Ventilador axial AC000123 no enciende. Se revisa alimentación. Alimentación correcta.",null
2,38,99,"2024-09-25","reparacion","Actuador válvula AC000099 no mueve válvula. Se sustituye actuador. Actuador operativo.",null
3,40,145,"2024-10-01","reparacion","Aislamiento AC000145 dañado por humedad. Se sustituye tramo. Aislamiento correcto.",null
4,42,74,"2024-10-08","reparacion","Detector humo AC000074 falsa alarma. Se limpia sensor óptico. Falsas alarmas eliminadas.",null
5,44,113,"2024-10-12","reparacion","Válvula mezcladora AC000113 no regula bien. Se limpia cartucho. Regulación correcta.",null
6,46,7,"2024-10-18","reparacion","AC portátil AC000007 desagua mal. Se limpia manguera de drenaje. Desagüe correcto.",null
7,2,79,"2024-10-22","reparacion","Sensor caudal agua AC000079 no mide. Se revisa impulsor. Impulsor gira libre.",null
8,4,104,"2024-10-28","reparacion","Calentador gas AC000104 no enciende a veces. Se limpia boquilla. Encendido estable.",null
9,6,17,"2024-11-05","reparacion","Unidad interior AC000017 gotea. Bandeja condensados sucia. Limpieza. Fuga resuelta.",null
10,8,49,"2024-11-10","reparacion","Bomba calor baja temperatura AC000049 error baja presión. Se revisa circuito. No se detectan fugas. Rellenado.",null
1,10,115,"2024-11-15","reparacion","Válvula compuerta AC000115 bloqueada. Se fuerza apertura/cierre. Válvula operativa.",null
2,12,8,"2024-11-20","reparacion","Unidad exterior multi-zona AC000008 sobrecalienta. Se limpia serpentín y verifica ventilador. Temperatura normal.",null
3,14,139,"2024-11-25","reparacion","Extractor baño AC000139 ruidoso. Se lubrica eje. Ruido reducido.",null
4,16,54,"2024-12-01","reparacion","Inversor solar AC000054 error de red. Se verifica conexión. Conexión correcta.",null
5,18,41,"2024-12-08","reparacion","Tiro inadecuado caldera leña AC000041. Se revisa chimenea. Chimenea limpia.",null
6,20,69,"2024-12-12","reparacion","Malla protección aves AC000069 rota. Se sustituye tramo. Protección restaurada.",null
7,22,38,"2024-12-18","reparacion","Circuito secundario bomba calor AC000038 baja presión. Se rellena y purga. Presión estable.",null
8,24,135,"2024-12-22","reparacion","Humidificador AC000135 no produce vapor. Se limpia membrana. Vapor producido.",null
9,26,57,"2024-12-20","reparacion","Comunicación BMS con batería solar AC000057 falla. Se revisa cableado. Comunicación restablecida.",null
10,28,26,"2024-12-31","reparacion","Error encendido caldera gas AC000026. Se limpia quemador piloto. Encendido correcto.",null
1,31,101,"2024-08-01","mantenimiento","Revisión anual termo eléctrico AC000101.",null
2,32,51,"2024-09-01","mantenimiento","Revisión anual paneles solares AC000051 (sustituido) - **Corrected: Use eq_id 5 for original panel or new ID for replacement**",null
3,33,88,"2024-10-01","mantenimiento","Mantenimiento actuador AC000088.",null
4,34,112,"2024-11-01","mantenimiento","Revisión válvula seguridad AC000112.",null
5,35,5,"2024-12-01","mantenimiento","Mantenimiento AC ventana AC000005.",null
6,36,42,"2025-01-20","reparacion","Fallo circuito control AC comercial AC000042. Sustitución placa. Equipo operativo.",null
7,37,78,"2025-02-20","reparacion","Sensor T/H AC000078 no reporta datos. Cableado cortado. Se repara. Datos recibidos.",null
8,38,121,"2025-03-20","reparacion","Intercambiador calor VRC AC000121 obstruido. Limpieza a fondo. Flujo de aire mejorado.",null
9,39,90,"2025-04-20","reparacion","Display medidor energía AC000090 no enciende. Revisión alimentación interna. Display OK.",null
10,40,44,"2025-05-20","reparacion","Acumulador ACS AC000044 pierde temperatura rápido. Aislamiento dañado. Se repara. Aislamiento correcto.",null
1,41,63,"2025-06-20","reparacion","Conector MC4 AC000063 roto. Sustitución. Conexión segura.",null
2,42,15,"2025-07-20","reparacion","Split inverter AC000015 ruidoso. Ventilador interior desbalanceado. Se sustituye. Ruido eliminado.",null
3,43,27,"2025-08-20","reparacion","Bomba calefacción caldera AC000027 no funciona. Sustitución. Bomba operativa.",null
4,44,75,"2025-09-20","reparacion","Sensor movimiento AC000075 falla intermitentemente. Revisión cableado. Cableado OK.",null
5,45,57,"2025-10-20","reparacion","Error comunicación BMS con batería AC000057. Actualización firmware. Comunicación restablecida.",null
6,46,105,"2025-11-20","reparacion","Bomba circuladora AC000105 no arranca. Capacitor dañado. Sustitución. Bomba operativa.",null
7,1,10,"2025-12-20","reparacion","Unidad exterior AC central AC000010 no arranca. Contacto relé quemado. Sustitución. Unidad arranca.",null
8,2,98,"2025-01-30","reparacion","Sensor presencia AC000098 no detecta. Lente sucia. Se limpia. Detección OK.",null
9,3,46,"2025-02-27","reparacion","Ruido bomba calor ACS AC000046. Rodamiento desgastado. Sustitución. Ruido eliminado.",null
10,4,35,"2025-03-30","reparacion","Fuga en tubería suelo radiante AC000035. Se localiza y repara. Fuga sellada.",null
1,5,59,"2025-04-30","reparacion","Estructura montaje solar AC000059 oxidada. Se lija y aplica protector. Protección aplicada.",null
2,7,37,"2025-05-30","reparacion","Motor sinfín caldera pellets AC000037 fallo. Sustitución. Alimentación pellets OK.",null
3,9,122,"2025-06-30","reparacion","Ventilador VREC AC000122 desbalanceado. Sustitución. Ruido eliminado.",null
4,11,53,"2025-07-30","reparacion","Panel flexible AC000053 despegado de nuevo. Se utiliza adhesivo más fuerte. Fijación segura.",null
5,13,76,"2025-08-30","reparacion","Sensor puerta/ventana AC000076 roto. Sustitución unidad. Sensor operativo.",null
6,14,137,"2025-09-30","reparacion","Lámpara UV-C AC000137 parpadea. Problema balasto. Sustitución balasto. Lámpara funciona bien.",null
7,16,55,"2025-10-30","reparacion","Inversor solar AC000055 bajo rendimiento string. Problema en optimizador. Planificada sustitución optimizador.",null
8,17,89,"2025-11-30","reparacion","Actuador fan coil AC000089 ruido. Se lubrica. Ruido reducido.",null
9,19,116,"2025-12-30","reparacion","Válvula antirretorno AC000116 no cierra. Sustitución muelle. Válvula OK.",null
10,21,6,"2024-07-01","reparacion","Problema retirada planificada AC000006. Cliente solicita retraso hasta 01/08/2024.",null
1,22,38,"2025-01-15","mantenimiento","Revisión rutinaria bomba calor aire-agua AC000038. Presiones OK.",null
2,24,129,"2025-02-15","mantenimiento","Inspección visual compuerta antirretorno AC000129.",null
3,25,109,"2025-03-15","mantenimiento","Verificación presión vaso expansión AC000109.",null
4,27,9,"2025-04-15","mantenimiento","Mantenimiento general multi-zona AC000009.",null
5,29,45,"2025-05-15","mantenimiento","Revisión calentador eléctrico instantáneo AC000045.",null
6,31,61,"2025-06-15","mantenimiento","Inspección cable solar AC000061.",null
7,33,110,"2025-07-15","mantenimiento","Verificación vaso expansión agua potable AC000110.",null
8,35,34,"2025-08-15","mantenimiento","Limpieza radiador toallero AC000034.",null
9,37,58,"2025-09-15","mantenimiento","Monitorización regulador carga MPPT AC000058.",null
10,39,48,"2025-10-15","mantenimiento","Inspección acumulador hidrónico AC000048.",null
1,41,19,"2025-11-15","mantenimiento","Limpieza unidad interior mini-split AC00019.",null
2,43,130,"2025-12-15","mantenimiento","Limpieza rejilla impulsión AC000130.",null
3,45,64,"2025-01-25","mantenimiento","Monitorización optimizador Solar Edge AC000064.",null
4,1,29,"2025-02-25","mantenimiento","Revisión caldera eléctrica AC000029.",null
5,3,142,"2025-03-25","mantenimiento","Inspección tubería PEX AC000142.",null
6,5,68,"2025-04-25","mantenimiento","Inspección seccionador CA AC000068.",null
7,7,94,"2025-05-25","mantenimiento","Prueba interruptor caudal aire AC000094.",null
8,9,124,"2025-06-25","mantenimiento","Limpieza ventilador centrífugo AC000124.",null
9,11,50,"2025-07-25","mantenimiento","Limpieza colector solar térmico AC000050.",null
10,13,81,"2025-08-25","mantenimiento","Verificación sensor nivel ultrasónico AC000081.",null
1,15,105,"2025-09-25","mantenimiento","Revisión bomba circuladora AC000105.",null
2,17,95,"2025-10-25","mantenimiento","Prueba termostato protección antihielo AC000095.",null
3,19,117,"2025-11-25","mantenimiento","Limpieza separador suciedad AC000117.",null
4,21,3,"2025-12-25","mantenimiento","Mantenimiento split AC000003.",null
5,23,82,"2025-01-10","mantenimiento","Verificación sensor luz AC000082.",null
6,25,111,"2025-02-10","mantenimiento","Verificación válvula reductora presión AC000111.",null
7,27,1,"2025-03-10","mantenimiento","Mantenimiento split AC000001.",null
8,29,71,"2025-04-10","mantenimiento","Revisión termostato inteligente AC000071.",null
9,31,101,"2025-05-10","mantenimiento","Revisión termo eléctrico AC000101.",null
10,33,88,"2025-06-10","mantenimiento","Verificación actuador AC000088.",null
1,35,5,"2025-07-10","mantenimiento","Mantenimiento AC ventana AC000005.",null
2,37,78,"2025-08-10","mantenimiento","Recalibración sensor temperatura/humedad AC000078.",null
3,39,90,"2025-09-10","mantenimiento","Verificación medidor energía AC000090.",null
4,41,63,"2025-10-10","mantenimiento","Inspección conectores MC4 AC000063.",null
5,43,27,"2025-11-10","mantenimiento","Revisión caldera gas AC000027.",null
6,45,57,"2025-12-10","mantenimiento","Revisión batería solar AC000057.",null
7,2,2,"2025-03-01","mantenimiento","Limpieza filtros unidad comercial AC000042.",null
8,4,4,"2025-04-01","mantenimiento","Inspección visual válvula seguridad AC000112.",null
9,6,6,"2025-05-01","mantenimiento","Limpieza filtros split AC000003.",null
10,8,8,"2025-06-01","mantenimiento","Cambio de filtros purificador AC000133.",null
1,10,10,"2025-07-01","mantenimiento","Mantenimiento unidad exterior AC central AC000010.",null
2,12,12,"2025-08-01","mantenimiento","Revisión termo eléctrico AC000102.",null
3,14,14,"2025-09-01","mantenimiento","Recalibración sensor T/H AC000078.",null
4,16,16,"2025-10-01","mantenimiento","Purga radiador AC000033.",null
5,18,18,"2025-11-01","mantenimiento","Lectura medidor energía AC000090.",null
6,20,20,"2025-12-01","mantenimiento","Revisión PTAC AC000020.",null
7,22,22,"2025-01-20","mantenimiento","Revisión caldera gas AC000022.",null
8,24,24,"2025-02-20","mantenimiento","Monitorización batería solar AC000024.",null
9,26,26,"2025-03-20","mantenimiento","Mantenimiento AC central AC000026.",null
10,28,28,"2025-04-20","mantenimiento","Revisión termo bomba calor AC000028.",null
1,30,30,"2025-05-20","mantenimiento","Inspección kit montaje solar AC000030.",null
2,32,32,"2025-06-20","mantenimiento","Mantenimiento caldera mixta AC000032.",null
3,34,34,"2025-07-20","mantenimiento","Inspección conductos AC000034.",null
4,36,36,"2025-08-20","mantenimiento","Mantenimiento split inverter AC000036.",null
5,38,38,"2025-09-20","mantenimiento","Limpieza filtro magnético AC000038.",null
6,40,40,"2025-10-20","mantenimiento","Mantenimiento PTAC AC000040.",null
7,42,42,"2025-11-20","mantenimiento","Mantenimiento AC comercial AC000042.",null
8,44,44,"2025-12-20","mantenimiento","Revisión acumulador ACS AC000044.",null
9,1,15,"2025-01-15","mantenimiento","Mantenimiento split inverter AC000015.",null
10,3,3,"2025-02-15","mantenimiento","Verificación actuador AC000003.",null
1,5,51,"2025-03-15","mantenimiento","Inspección panel solar AC000051.",null
2,7,71,"2025-04-15","mantenimiento","Revisión termostato inteligente AC000071.",null
3,9,122,"2025-05-15","mantenimiento","Limpieza VREC AC000122.",null
4,11,11,"2025-06-15","mantenimiento","Limpieza unidad interior mini-split AC000011.",null
5,13,13,"2025-07-15","mantenimiento","Verificación inversor solar AC000013.",null
6,15,15,"2025-08-15","mantenimiento","Mantenimiento unidad exterior multi-zona AC000015.",null
7,17,17,"2025-09-15","mantenimiento","Limpieza VRC AC000017.",null
8,19,19,"2025-10-15","mantenimiento","Inspección acumulador ACS AC000019.",null
9,21,21,"2025-11-15","mantenimiento","Mantenimiento split AC000021.",null
10,23,77,"2025-12-15","mantenimiento","Prueba sensor fuga agua AC000077.",null
1,25,109,"2025-01-20","mantenimiento","Verificación vaso expansión AC000109.",null
2,27,9,"2025-02-20","mantenimiento","Mantenimiento multi-zona AC000009.",null
3,29,45,"2025-03-20","mantenimiento","Revisión calentador eléctrico AC000045.",null
4,31,61,"2025-04-20","mantenimiento","Inspección cable solar AC000061.",null
5,33,110,"2025-05-20","mantenimiento","Verificación vaso expansión AC000110.",null
6,35,34,"2025-06-20","mantenimiento","Limpieza radiador toallero AC000034.",null
7,37,58,"2025-07-20","mantenimiento","Monitorización regulador carga AC000058.",null
8,39,48,"2025-08-20","mantenimiento","Inspección acumulador hidrónico AC000048.",null
9,41,19,"2025-09-20","mantenimiento","Limpieza unidad interior mini-split AC00019.",null
10,43,130,"2025-10-20","mantenimiento","Limpieza rejilla impulsión AC000130.",null
1,45,64,"2025-11-20","mantenimiento","Monitorización optimizador AC000064.",null
2,1,28,"2025-12-20","mantenimiento","Revisión caldera gasóleo AC000028.",null
3,3,141,"2025-01-30","mantenimiento","Inspección tubería cobre AC000141.",null
4,5,60,"2025-02-27","mantenimiento","Inspección montaje plano solar AC000060.",null
5,7,92,"2025-03-30","mantenimiento","Descarga datos registrador AC000092.",null
6,9,124,"2025-04-30","mantenimiento","Limpieza ventilador centrífugo AC000124.",null
7,11,50,"2025-05-30","mantenimiento","Limpieza colector solar AC000050.",null
8,13,81,"2025-06-30","mantenimiento","Verificación sensor nivel AC000081.",null
9,15,105,"2025-07-30","mantenimiento","Revisión bomba circuladora AC000105.",null
10,17,95,"2025-08-30","mantenimiento","Prueba termostato antihielo AC000095.",null
1,19,117,"2025-09-30","mantenimiento","Limpieza separador suciedad AC000117.",null
2,21,3,"2025-10-30","mantenimiento","Mantenimiento split AC000003.",null
3,23,82,"2025-11-30","mantenimiento","Verificación sensor luz AC000082.",null
4,25,111,"2025-12-30","mantenimiento","Verificación válvula reductora AC000111.",null
5,2,73,"2025-01-10","reparacion","Sensor CO AC000073 falsas alarmas. Se sustituye. Alarma correcta.",null
6,4,103,"2025-02-10","reparacion","Calentador gas AC000103 no modula llama. Se limpia válvula gas. Modulación correcta.",null
7,6,16,"2025-03-10","reparacion","Split inverter AC000016 hace ruido. Sustitución rodamiento ventilador exterior. Ruido eliminado.",null
8,8,47,"2025-04-10","reparacion","Radiador zócalo AC000047 con fuga. Se sella. Fuga detenida.",null
9,10,114,"2025-05-10","reparacion","Válvula bola AC000114 gotea. Se sustituye. No gotea.",null
10,12,4,"2025-06-10","reparacion","Split AC000004 fuga refrigerante. Localiza y repara en unidad exterior. Fuga sellada.",null
1,14,139,"2025-07-10","reparacion","Extractor baño AC000139 no enciende. Fusible quemado. Se sustituye fusible. Extractor operativo.",null
2,16,55,"2025-08-10","reparacion","Inversor solar AC000055 error string. Detecta panel defectuoso (ID 5). Se planifica sustitución panel.",null
3,18,41,"2025-09-10","reparacion","Caldera leña AC000041 no alcanza temperatura. Limpieza circuito humos. Temperatura correcta.",null
4,20,7,"2025-10-10","reparacion","AC portátil AC000007 error E4. Problema sensor temperatura. Se limpia sensor. Error resuelto.",null
5,22,38,"2025-11-10","reparacion","Bomba calor aire-agua AC000038 error flujo. Revisa bomba y válvula 3 vías. Válvula 3 vías atascada. Se libera.",null
6,24,135,"2025-12-10","reparacion","Humidificador AC000135 pierde agua. Junta tórica depósito defectuosa. Se sustituye. No pierde.",null
7,26,57,"2026-01-15","reparacion","Batería solar AC000057 error interno. Se contacta fabricante. Esperando instrucciones.",null
8,28,26,"2026-02-15","reparacion","Caldera gas AC000026 error E01. Falta llama. Se limpia quemador. Encendido correcto.",null
9,30,133,"2026-03-15","reparacion","Purificador aire AC000133 sensor calidad aire sucio. Se limpia. Sensor OK.",null
10,32,51,"2026-04-15","reparacion","Panel solar AC000051 rendimiento bajo (confirmado). Se sustituye panel. Prueba rendimiento OK.","http://example.com/docs/report_sustitucion_AC000051_20260415.pdf"
1,34,112,"2026-05-15","reparacion","Válvula seguridad AC000112 vuelve a gotear. Problema presión en sistema. Sugiere revisión general calefacción. Goteo reducido tras ajuste.",null
2,36,42,"2026-06-15","reparacion","Ruido compresor AC000042 recién sustituido. Se ajustan anclajes. Ruido eliminado.",null
3,38,121,"2026-07-15","reparacion","VRC AC000121 error motor. Se revisa cableado. Cableado OK. Motor defectuoso. Se sustituye motor.",null
4,40,44,"2026-08-15","reparacion","Acumulador ACS AC000044 no calienta con apoyo eléctrico. Se revisa resistencia. Resistencia quemada. Sustitución.",null
5,42,15,"2026-09-15","reparacion","Split inverter AC000015 gotea 2ª vez. Desatasca desagüe aire a presión. Fuga resuelta de nuevo.",null
6,44,75,"2026-10-15","reparacion","Sensor movimiento AC000075 no activa. Se verifica relé interno. Relé OK. Problema cableado a hub. Se repara cableado.",null
7,46,105,"2026-11-15","reparacion","Bomba circuladora AC000105 continúa ruido. Se recomienda sustitución (presupuesto enviado). Ruido persiste.",null
8,2,98,"2026-12-15","reparacion","Detector presencia AC000098 falla detección. Limpieza sensor. Detección OK.",null
9,4,46,"2027-01-20","reparacion","Termo bomba calor ACS AC000046 error ventilador. Revisa motor. Motor OK. Problema control. Se revisa placa control.",null
10,6,35,"2027-02-20","reparacion","Fuga tubería suelo radiante AC000035. Se repara en zona afectada. Fuga sellada.",null
1,8,37,"2027-03-20","reparacion","Caldera pellets AC000037 error encendido. Limpia sensor llama. Encendido correcto.",null
2,10,115,"2027-04-20","reparacion","Válvula compuerta AC000115 no cierra del todo. Limpia internos. Cierre correcto.",null
3,12,8,"2027-05-20","reparacion","Unidad exterior multi-zona AC000008 error alta presión. Limpia serpentín y verifica ventilador. Temperatura normal.",null
4,14,139,"2027-06-20","reparacion","Extractor baño AC000139 zumba. Limpia y lubrica. Zumbido reducido.",null
5,16,54,"2027-07-20","reparacion","Inversor solar AC000054 error temperatura. Verifica ventilación. Ventilación OK. Problema sensor interno. Se sustituye inversor.",null
6,18,41,"2027-08-20","reparacion","Caldera leña AC000041 error tiro. Ajusta damper. Tiro correcto.",null
7,20,69,"2027-09-20","reparacion","Malla protección aves AC000069 rota. Sustituye tramo. Protección restaurada.",null
8,22,38,"2027-10-20","reparacion","Bomba calor aire-agua AC000038 error desescarche. Verifica sensor temperatura exterior. Sensor OK. Problema válvula 4 vías. Se planifica sustitución.",null
9,24,135,"2027-11-20","reparacion","Humidificador AC000135 error falta agua, depósito lleno. Limpia flotador. Flotador libre.",null
10,26,57,"2027-12-20","reparacion","Batería solar AC000057 error balanceo. Fuerza ciclo carga/descarga. Balanceo mejorado.",null
1,28,26,"2027-01-30","reparacion","Caldera gas AC000026 error E10. Baja presión circuito. Rellena y busca fuga (no encontrada). Presión estable tras relleno.",null
2,30,133,"2027-02-28","reparacion","Purificador aire AC000133 error ventilador. Se limpia. Ventilador OK.",null
3,32,51,"2027-03-30","mantenimiento","Inspección visual panel solar AC000051 (sustituido). Estado OK.",null
4,34,112,"2027-04-30","mantenimiento","Prueba funcionamiento válvula seguridad AC000112.",null
5,36,42,"2027-05-30","mantenimiento","Mantenimiento rutinario AC comercial tejado AC000042.",null
6,38,121,"2027-06-30","mantenimiento","Limpieza VRC AC000121.",null
7,40,44,"2027-07-30","mantenimiento","Inspección acumulador ACS AC000044.",null
8,42,15,"2027-08-30","mantenimiento","Mantenimiento split inverter AC000015.",null
9,44,75,"2027-09-30","mantenimiento","Prueba sensor movimiento AC000075.",null
10,46,105,"2027-10-30","reparacion","Sustitución bomba circuladora AC000105 según presupuesto. Bomba nueva instalada. Funcionamiento silencioso.",null
1,2,98,"2027-11-30","mantenimiento","Prueba detector presencia AC000098.",null
2,4,46,"2027-12-30","mantenimiento","Revisión termo bomba calor ACS AC000046.",null
3,6,35,"2028-01-30","mantenimiento","Inspección tubería suelo radiante AC000035.",null
4,8,37,"2028-02-15","mantenimiento","Mantenimiento caldera pellets AC000037.",null
5,10,115,"2028-03-15","mantenimiento","Verificación válvula compuerta AC000115.",null
6,12,8,"2028-04-15","mantenimiento","Mantenimiento multi-zona AC000008.",null
7,14,139,"2028-05-15","mantenimiento","Limpieza extractor baño AC000139.",null
8,16,54,"2028-06-15","mantenimiento","Revisión inversor solar AC000054.",null
9,18,41,"2028-07-15","mantenimiento","Limpieza caldera leña AC000041.",null
10,20,69,"2028-08-15","mantenimiento","Inspección malla protección aves AC000069.",null
1,22,38,"2028-09-15","mantenimiento","Revisión bomba calor aire-agua AC000038.",null
2,24,135,"2028-10-15","mantenimiento","Limpieza humidificador AC000135.",null
3,26,57,"2028-11-15","mantenimiento","Revisión batería solar AC000057.",null
4,28,26,"2028-12-15","mantenimiento","Revisión caldera gas AC000026.",null
5,30,133,"2029-01-15","mantenimiento","Mantenimiento purificador aire AC000133.",null
6,32,51,"2029-01-20","mantenimiento","Inspección panel solar AC000051.",null
7,34,112,"2029-02-20","mantenimiento","Prueba válvula seguridad AC000112.",null
8,36,42,"2029-03-20","mantenimiento","Mantenimiento AC comercial tejado AC000042.",null
9,38,121,"2029-04-20","mantenimiento","Limpieza VRC AC000121.",null
10,40,44,"2029-05-20","mantenimiento","Inspección acumulador ACS AC000044.",null
1,42,15,"2029-06-20","mantenimiento","Mantenimiento split inverter AC000015.",null
2,44,75,"2029-07-20","mantenimiento","Prueba sensor movimiento AC000075.",null
3,46,105,"2029-08-20","mantenimiento","Revisión bomba circuladora AC000105 (sustituida).",null
4,2,98,"2029-09-20","mantenimiento","Prueba detector presencia AC000098.",null
5,4,46,"2029-10-20","mantenimiento","Revisión termo bomba calor ACS AC000046.",null
6,6,35,"2029-11-20","mantenimiento","Inspección tubería suelo radiante AC000035.",null
7,8,37,"2029-12-20","mantenimiento","Mantenimiento caldera pellets AC000037.",null
8,10,115,"2030-01-20","mantenimiento","Verificación válvula compuerta AC000115.",null
9,12,8,"2030-02-20","mantenimiento","Mantenimiento multi-zona AC000008.",null
10,14,139,"2030-03-20","mantenimiento","Limpieza extractor baño AC000139.",null
1,16,54,"2030-04-20","mantenimiento","Revisión inversor solar AC000054.",null
2,18,41,"2030-05-20","mantenimiento","Limpieza caldera leña AC000041.",null
3,20,69,"2030-06-20","mantenimiento","Inspección malla protección aves AC000069.",null
4,22,38,"2030-07-20","reparacion","Bomba calor aire-agua AC000038 error desescarche. Sustitución válvula 4 vías. Equipo funcionando correctamente.",null
5,24,135,"2030-08-20","reparacion","Humidificador AC000135 error bajo nivel agua, depósito lleno. Limpia flotador de nuevo. Funciona. Posible fallo intermitente del flotador.",null
6,26,57,"2030-09-20","reparacion","Batería solar AC000057 error balanceo. Fuerza ciclo carga/descarga. Balanceo mejorado.",null
7,28,26,"2030-10-20","reparacion","Caldera gas AC000026 error E10. Baja presión circuito. Rellena y busca fuga (aún no encontrada). Persiste baja presión lenta.",null
8,30,133,"2030-11-20","reparacion","Purificador aire AC000133 filtro saturado (aviso prematuro?). Se resetea contador filtro. Problema recurrente, sugiere revisar sensor presión diferencial.",null
9,32,51,"2030-12-20","mantenimiento","Inspección visual panel solar AC000051 (sustituido). Estado OK.",null
10,34,112,"2031-01-20","mantenimiento","Prueba funcionamiento válvula seguridad AC000112.",null
1,36,42,"2031-02-20","mantenimiento","Mantenimiento rutinario AC comercial tejado AC000042.",null
2,38,121,"2031-03-20","mantenimiento","Limpieza VRC AC000121.",null
3,40,44,"2031-04-20","mantenimiento","Inspección acumulador ACS AC000044.",null
4,42,15,"2031-05-20","mantenimiento","Mantenimiento split inverter AC000015.",null
5,44,75,"2031-06-20","mantenimiento","Prueba sensor movimiento AC000075.",null
6,46,105,"2031-07-20","mantenimiento","Revisión bomba circuladora AC000105 (sustituida).",null
7,2,98,"2031-08-20","mantenimiento","Prueba detector presencia AC000098.",null
8,4,46,"2031-09-20","mantenimiento","Revisión termo bomba calor ACS AC000046.",null
9,6,35,"2031-10-20","mantenimiento","Inspección tubería suelo radiante AC000035.",null
10,8,37,"2031-11-20","mantenimiento","Mantenimiento caldera pellets AC000037.",null
1,10,115,"2031-12-20","mantenimiento","Verificación válvula compuerta AC000115.",null
2,12,8,"2032-01-20","mantenimiento","Mantenimiento multi-zona AC000008.",null
3,14,139,"2032-02-20","mantenimiento","Limpieza extractor baño AC000139.",null
4,16,54,"2032-03-20","reparacion","Inversor solar AC000054 (sustituido) error comunicación RS485. Se revisa cableado y terminales.",null
5,18,41,"2032-04-20","mantenimiento","Limpieza caldera leña AC000041.",null
6,20,69,"2032-05-20","mantenimiento","Inspección malla protección aves AC000069.",null
7,22,38,"2032-06-20","mantenimiento","Revisión bomba calor aire-agua AC000038.",null
8,24,135,"2032-07-20","mantenimiento","Limpieza humidificador AC000135.",null
9,26,57,"2032-08-20","mantenimiento","Revisión batería solar AC000057.",null
10,28,26,"2032-09-20","reparacion","Caldera gas AC000026 error E10. Baja presión persiste. Se realiza prueba de estanqueidad completa en circuito calefacción. Fuga no localizada en esta visita.",null
1,30,133,"2032-10-20","mantenimiento","Mantenimiento purificador aire AC000133.",null
2,32,51,"2032-11-20","mantenimiento","Inspección panel solar AC000051.",null
3,34,112,"2032-12-20","mantenimiento","Prueba válvula seguridad AC000112.",null
4,36,42,"2033-01-20","mantenimiento","Mantenimiento AC comercial tejado AC000042.",null
5,38,121,"2033-02-20","mantenimiento","Limpieza VRC AC000121.",null
6,40,44,"2033-03-20","mantenimiento","Inspección acumulador ACS AC000044.",null
7,42,15,"2033-04-20","mantenimiento","Mantenimiento split inverter AC000015.",null
8,44,75,"2033-05-20","mantenimiento","Prueba sensor movimiento AC000075.",null
9,46,105,"2033-06-20","mantenimiento","Revisión bomba circuladora AC000105.",null
10,2,98,"2033-07-20","mantenimiento","Prueba detector presencia AC000098.",null
1,4,46,"2033-08-20","mantenimiento","Revisión termo bomba calor ACS AC000046.",null
2,6,35,"2033-09-20","mantenimiento","Inspección tubería suelo radiante AC000035.",null
3,8,37,"2033-10-20","mantenimiento","Mantenimiento caldera pellets AC000037.",null
4,10,115,"2033-11-20","mantenimiento","Verificación válvula compuerta AC000115.",null
5,12,8,"2033-12-20","mantenimiento","Mantenimiento multi-zona AC000008.",null
6,14,139,"2034-01-20","mantenimiento","Limpieza extractor baño AC000139.",null
7,16,54,"2034-02-20","mantenimiento","Revisión inversor solar AC000054.",null
8,18,41,"2034-03-20","mantenimiento","Limpieza caldera leña AC000041.",null
9,20,69,"2034-04-20","mantenimiento","Inspección malla protección aves AC000069.",null
10,22,38,"2034-05-20","mantenimiento","Revisión bomba calor aire-agua AC000038.",null
1,24,135,"2034-06-20","mantenimiento","Limpieza humidificador AC000135.",null
2,26,57,"2034-07-20","mantenimiento","Revisión batería solar AC000057.",null
3,28,26,"2034-08-20","reparacion","Caldera gas AC000026 error E10. Fuga localizada en válvula de llenado automático. Se sustituye válvula. Presión estable.","http://example.com/docs/report_caldera_fuga_20340820.pdf"
4,30,133,"2034-09-20","reparacion","Purificador aire AC000133 aviso filtro prematuro. Se sustituye sensor presión diferencial (referencia a AC000093 ID 28). Sensor nuevo instalado. Monitorización.",null
5,32,51,"2034-10-20","mantenimiento","Inspección visual panel solar AC000051.",null
6,34,112,"2034-11-20","mantenimiento","Prueba válvula seguridad AC000112.",null
7,36,42,"2034-12-20","mantenimiento","Mantenimiento AC comercial tejado AC000042.",null
8,38,121,"2035-01-20","mantenimiento","Limpieza VRC AC000121.",null
9,40,44,"2035-02-20","mantenimiento","Inspección acumulador ACS AC000044.",null
10,42,15,"2035-03-20","mantenimiento","Mantenimiento split inverter AC000015.",null
1,44,75,"2035-04-20","mantenimiento","Prueba sensor movimiento AC000075.",null
2,46,105,"2035-05-20","mantenimiento","Revisión bomba circuladora AC000105.",null
3,2,98,"2035-06-20","mantenimiento","Prueba detector presencia AC000098.",null
4,4,46,"2035-07-20","mantenimiento","Revisión termo bomba calor ACS AC000046.",null
5,6,35,"2035-08-20","mantenimiento","Inspección tubería suelo radiante AC000035.",null
6,8,37,"2035-09-20","mantenimiento","Mantenimiento caldera pellets AC000037.",null
7,10,115,"2035-10-20","mantenimiento","Verificación válvula compuerta AC000115.",null
8,12,8,"2035-11-20","mantenimiento","Mantenimiento multi-zona AC000008.",null
9,14,139,"2035-12-20","mantenimiento","Limpieza extractor baño AC000139.",null
10,16,54,"2036-01-20","mantenimiento","Revisión inversor solar AC000054.",null
1,18,41,"2036-02-20","mantenimiento","Limpieza caldera leña AC000041.",null
2,20,69,"2036-03-20","mantenimiento","Inspección malla protección aves AC000069.",null
3,22,38,"2036-04-20","mantenimiento","Revisión bomba calor aire-agua AC000038.",null
4,24,135,"2036-05-20","reparacion","Humidificador AC000135 falla intermitente. Se sustituye flotador y sensor de nivel. Funcionamiento OK.",null
5,26,57,"2036-06-20","mantenimiento","Revisión batería solar AC000057.",null
6,28,26,"2036-07-20","mantenimiento","Revisión caldera gas AC000026.",null
7,30,133,"2036-08-20","mantenimiento","Mantenimiento purificador aire AC000133.",null
8,32,51,"2036-09-20","mantenimiento","Inspección panel solar AC000051.",null
9,34,112,"2036-10-20","mantenimiento","Prueba válvula seguridad AC000112.",null
10,36,42,"2036-11-20","mantenimiento","Mantenimiento AC comercial tejado AC000042.",null
1,38,121,"2036-12-20","mantenimiento","Limpieza VRC AC000121.",null
2,40,44,"2037-01-20","mantenimiento","Inspección acumulador ACS AC000044.",null
3,42,15,"2037-02-20","mantenimiento","Mantenimiento split inverter AC000015.",null
4,44,75,"2037-03-20","mantenimiento","Prueba sensor movimiento AC000075.",null
5,46,105,"2037-04-20","mantenimiento","Revisión bomba circuladora AC000105.",null
6,2,98,"2037-05-20","mantenimiento","Prueba detector presencia AC000098.",null
7,4,46,"2037-06-20","mantenimiento","Revisión termo bomba calor ACS AC000046.",null
8,6,35,"2037-07-20","mantenimiento","Inspección tubería suelo radiante AC000035.",null
9,8,37,"2037-08-20","mantenimiento","Mantenimiento caldera pellets AC000037.",null
10,10,115,"2037-09-20","mantenimiento","Verificación válvula compuerta AC000115.",null
1,12,8,"2037-10-20","mantenimiento","Mantenimiento multi-zona AC000008.",null
2,14,139,"2037-11-20","mantenimiento","Limpieza extractor baño AC000139.",null
3,16,54,"2037-12-20","mantenimiento","Revisión inversor solar AC000054.",null
4,18,41,"2038-01-20","mantenimiento","Limpieza caldera leña AC000041.",null
5,20,69,"2038-02-20","mantenimiento","Inspección malla protección aves AC000069.",null
6,22,38,"2038-03-20","mantenimiento","Revisión bomba calor aire-agua AC000038.",null
7,24,135,"2038-04-20","mantenimiento","Limpieza humidificador AC000135.",null
8,26,57,"2038-05-20","mantenimiento","Revisión batería solar AC000057.",null
9,28,26,"2038-06-20","mantenimiento","Revisión caldera gas AC000026.",null
10,30,133,"2038-07-20","mantenimiento","Mantenimiento purificador aire AC000133.",null
1,32,51,"2038-08-20","mantenimiento","Inspección panel solar AC000051.",null
2,34,112,"2038-09-20","mantenimiento","Prueba válvula seguridad AC000112.",null
3,36,42,"2038-10-20","mantenimiento","Mantenimiento AC comercial tejado AC000042.",null
4,38,121,"2038-11-20","mantenimiento","Limpieza VRC AC000121.",null
5,40,44,"2038-12-20","mantenimiento","Inspección acumulador ACS AC000044.",null
6,42,15,"2039-01-20","mantenimiento","Mantenimiento split inverter AC000015.",null
7,44,75,"2039-02-20","mantenimiento","Prueba sensor movimiento AC000075.",null
8,46,105,"2039-03-20","mantenimiento","Revisión bomba circuladora AC000105.",null
9,2,98,"2039-04-20","mantenimiento","Prueba detector presencia AC000098.",null
10,4,46,"2039-05-20","mantenimiento","Revisión termo bomba calor ACS AC000046.",null
1,6,35,"2039-06-20","mantenimiento","Inspección tubería suelo radiante AC000035.",null
2,8,37,"2039-07-20","mantenimiento","Mantenimiento caldera pellets AC000037.",null
3,10,115,"2039-08-20","mantenimiento","Verificación válvula compuerta AC000115.",null
4,12,8,"2039-09-20","mantenimiento","Mantenimiento multi-zona AC000008.",null
5,14,139,"2039-10-20","mantenimiento","Limpieza extractor baño AC000139.",null
6,16,54,"2039-11-20","mantenimiento","Revisión inversor solar AC000054.",null
7,18,41,"2039-12-20","mantenimiento","Limpieza caldera leña AC000041.",null
8,20,69,"2040-01-20","mantenimiento","Inspección malla protección aves AC000069.",null
9,22,38,"2040-02-20","mantenimiento","Revisión bomba calor aire-agua AC000038.",null
10,24,135,"2040-03-20","mantenimiento","Limpieza humidificador AC000135.",null
1,26,57,"2040-04-20","mantenimiento","Revisión batería solar AC000057.",null
2,28,26,"2040-05-20","mantenimiento","Revisión caldera gas AC000026.",null
3,30,133,"2040-06-20","mantenimiento","Mantenimiento purificador aire AC000133.",null
4,32,51,"2040-07-20","mantenimiento","Inspección panel solar AC000051.",null
5,34,112,"2040-08-20","mantenimiento","Prueba válvula seguridad AC000112.",null
6,36,42,"2040-09-20","mantenimiento","Mantenimiento AC comercial tejado AC000042.",null
7,38,121,"2040-10-20","mantenimiento","Limpieza VRC AC000121.",null
8,40,44,"2040-11-20","mantenimiento","Inspección acumulador ACS AC000044.",null
9,42,15,"2040-12-20","mantenimiento","Mantenimiento split inverter AC000015.",null
10,44,75,"2041-01-20","mantenimiento","Prueba sensor movimiento AC000075.",null
1,46,105,"2041-02-20","mantenimiento","Revisión bomba circuladora AC000105.",null